Country Name,Country Code,Indicator Name,Indicator Code,1960,1990,1991,1992,1993,1994,1995,1996,1997,1998,1999,2000,2001,2002,2003,2004,2005,2006,2007,2008,2009,2010,2011,2012,2013,2014,2015,2016,2017,2018,2019,2020
Albania,ALB,"Adjusted net savings, including particulate emission damage (% of GNI)",NY.ADJ.SVNG.GN.ZS,,-3.401615535,-35.73404988,-40.21038501,-3.770608922,-8.97261852,5.474242655,6.373134105,-4.841038045,8.110647221,5.822670034,16.07739296,19.41153258,15.49955413,16.06062357,18.73151681,19.30161729,17.80080106,10.08030609,4.497554643,3.823660143,6.250606793,5.093499439,3.625122696,1.232177048,-0.741190423,-0.721612499,0.502568923,-0.695497452,-1.554877516,6.250606793,16.07739296
Arab World,ARB,"Adjusted net savings, including particulate emission damage (% of GNI)",NY.ADJ.SVNG.GN.ZS,,,-6.279210767,5.979204267,5.038419307,4.846650567,5.828012844,5.31832424,6.397856764,5.652055834,8.451454699,11.24286273,11.5542962,10.68638728,13.43854668,16.60688465,21.5278994,22.80816559,23.9600267,26.09384927,15.04443601,20.08405109,24.34115879,22.6133553,19.96192221,17.27479037,10.10786222,10.19373641,12.61287992,12.5903289,20.08405109,11.24286273
Argentina,ARG,"Adjusted net savings, including particulate emission damage (% of GNI)",NY.ADJ.SVNG.GN.ZS,,7.508496219,7.448161049,8.564211944,11.30361491,10.72207651,9.860084417,10.84933843,9.720040325,10.04086271,6.52262534,6.490594327,6.567262125,7.598526445,9.862904276,2.184413245,2.116788044,10.3277565,12.39741573,11.3869675,9.311366077,8.992188211,9.424810521,7.878980488,6.546496106,6.456248111,6.017805418,5.776200711,4.452039909,5.019032084,8.992188211,6.490594327
Armenia,ARM,"Adjusted net savings, including particulate emission damage (% of GNI)",NY.ADJ.SVNG.GN.ZS,,,,,,,-16.94626033,-14.15456453,-12.75340513,-14.75379802,-12.95894543,-17.45151655,-10.78784182,-6.292215747,0.562298968,4.71446117,9.933273111,14.80998447,15.52575679,15.72767415,1.930845572,0.180455064,-2.159302167,-0.964593348,0.561261885,-0.980671714,3.059318548,0.863801027,0.586939369,-4.183971242,0.180455064,-17.45151655
Australia,AUS,"Adjusted net savings, including particulate emission damage (% of GNI)",NY.ADJ.SVNG.GN.ZS,,9.179948133,6.060166321,3.449401364,6.101954992,7.933453838,7.111227694,8.023565689,8.547190327,8.23160821,7.110297869,6.463988184,6.335049807,7.566366659,7.401948104,7.66156389,6.149134711,6.205914824,5.081237839,5.3205293,8.74922811,6.875076539,8.037328587,9.546904617,8.955599186,7.328936637,6.632715865,4.511304853,6.059513861,4.422681831,6.875076539,6.463988184
Austria,AUT,"Adjusted net savings, including particulate emission damage (% of GNI)",NY.ADJ.SVNG.GN.ZS,,,-6.279210767,5.979204267,5.038419307,4.846650567,5.828012844,5.31832424,6.397856764,5.652055834,8.451454699,11.24286273,11.5542962,10.68638728,13.43854668,16.60688465,13.84098288,14.68156433,16.37272489,16.51555794,12.38433082,13.08144219,13.57401214,12.77051862,12.23541537,12.61585882,12.44621669,13.79206673,13.40953914,14.27526037,13.08144219,11.24286273
Azerbaijan,AZE,"Adjusted net savings, including particulate emission damage (% of GNI)",NY.ADJ.SVNG.GN.ZS,,,,,,,,,,-20.56001337,-23.91544665,-29.68471565,-17.72151022,-7.296297841,-1.028575918,0.763832594,9.777011215,11.95643605,15.7333963,19.30519406,17.31897339,18.75212622,20.64236021,20.35424673,22.1493883,21.15174743,12.82296522,5.748425118,8.856241453,6.348452926,18.75212622,-29.68471565
Burundi,BDI,"Adjusted net savings, including particulate emission damage (% of GNI)",NY.ADJ.SVNG.GN.ZS,,-19.36117265,-14.93193758,-22.54921657,-15.63297922,-24.62374985,-31.00251945,-39.01328655,-31.84853306,-39.86403632,-27.43796668,-28.16011049,-32.64731318,-35.28008673,-49.2869832,-39.93666545,-26.23115598,-28.72241745,-37.04116604,-45.73261739,-30.52496182,-29.13087172,-31.96712697,-15.47075667,-22.49802622,-26.04825817,-14.51520244,-21.00513182,-19.70803009,-16.91257299,-29.13087172,-28.16011049
Belgium,BEL,"Adjusted net savings, including particulate emission damage (% of GNI)",NY.ADJ.SVNG.GN.ZS,,,,,,,,,,,,,,14.18554112,13.4830701,14.7408132,14.66503858,14.85655,15.78467118,13.90354458,11.1337243,11.47097029,9.672085562,10.61133452,10.16055344,10.81211276,11.37674182,11.34614019,12.09976171,11.07709803,11.47097029,
Benin,BEN,"Adjusted net savings, including particulate emission damage (% of GNI)",NY.ADJ.SVNG.GN.ZS,,-0.401238331,0.63702702,-2.418585976,-2.671007087,-0.571495256,-0.066907979,-1.549213273,-0.164996816,-0.551386599,-3.42142433,-2.417153987,-1.530069092,-0.775116588,-2.657513729,0.083750691,-0.616825155,-1.299686897,-0.086816425,-0.957772242,-2.355982145,-2.010528751,-1.421525787,0.331154967,3.191382343,5.018883484,-2.004672767,0.475042849,0.889330321,3.156138518,-2.010528751,-2.417153987
Bangladesh,BGD,"Adjusted net savings, including particulate emission damage (% of GNI)",NY.ADJ.SVNG.GN.ZS,,12.27264127,11.88809908,11.36903377,10.61584301,12.17494792,11.99441643,13.18027971,14.52358479,16.25267137,16.84328005,17.86977281,18.33518101,20.28921403,20.21561616,21.43834537,22.1915294,23.61615587,24.68897364,25.4442837,26.72266491,26.73630187,26.05192878,28.27571761,27.72925731,26.13425992,25.17883114,25.88761025,24.51868553,22.49215321,26.73630187,17.86977281
Bulgaria,BGR,"Adjusted net savings, including particulate emission damage (% of GNI)",NY.ADJ.SVNG.GN.ZS,,0.718077767,2.023808879,-1.174168204,-10.04195227,-5.216164592,18.94502898,-0.131868882,11.79990737,13.43477825,2.309404342,-1.739104138,0.654690041,2.982443438,1.97028656,1.097664273,2.270648658,0.142630413,-4.694507309,3.045283878,6.955479429,7.024101437,8.595103781,8.648451146,11.36730926,9.560268905,8.440506508,10.84233468,12.22952719,15.14013544,7.024101437,-1.739104138
Bahrain,BHR,"Adjusted net savings, including particulate emission damage (% of GNI)",NY.ADJ.SVNG.GN.ZS,,18.85481094,1.97309576,-1.224146853,-2.494427939,3.436445953,5.586713053,5.461414792,3.751154235,,,12.97136466,5.617342685,,14.36272735,13.59524256,25.60261622,31.72320625,37.21051221,33.85748786,19.51294266,21.42850427,16.53675396,25.21656803,21.13243872,19.67442873,13.51470777,16.63400329,20.4250882,19.91402517,21.42850427,12.97136466
"Bahamas, The",BHS,"Adjusted net savings, including particulate emission damage (% of GNI)",NY.ADJ.SVNG.GN.ZS,,,13.12545811,17.50590084,15.02393263,13.6810746,26.02104999,31.45289773,27.34586407,26.17437345,31.59530788,30.00204548,26.27678738,29.65579353,28.37166494,29.53963662,27.11925656,23.4711844,24.95176382,23.01453857,21.91936606,20.02298969,17.46044857,19.39425495,19.72340154,15.35593445,10.89740514,13.33206849,3.402162623,-3.525960328,20.02298969,30.00204548
Belarus,BLR,"Adjusted net savings, including particulate emission damage (% of GNI)",NY.ADJ.SVNG.GN.ZS,,,,,12.25994811,7.188114586,6.338484109,5.040937099,7.733918707,8.610485002,6.499170317,9.201957465,6.445351375,6.20158772,9.147709423,13.56435103,15.27938491,17.5811881,16.90241411,18.80908815,14.30483703,14.64927999,18.69229782,18.52731052,15.91293686,14.99613145,16.24812059,13.43925621,14.48575947,15.72409785,14.64927999,9.201957465
Belize,BLZ,"Adjusted net savings, including particulate emission damage (% of GNI)",NY.ADJ.SVNG.GN.ZS,,49.19998442,44.98772893,15.29894427,16.39070237,13.57309709,14.96486337,11.41600372,10.34901982,8.492295921,7.375942681,3.065239655,-6.465171649,-7.823139043,-9.758588215,-8.482958977,-4.58076935,1.718610416,-2.307710505,-2.585419166,-3.221153143,-6.272361312,-4.832991342,-3.051319658,-3.207854122,-1.650602751,2.813913612,-0.798047727,-2.117944514,-3.852429326,-6.272361312,3.065239655
Bolivia,BOL,"Adjusted net savings, including particulate emission damage (% of GNI)",NY.ADJ.SVNG.GN.ZS,,-1.740666263,0.266717588,-0.240381406,-0.845428447,2.824121828,4.323383025,4.929434349,5.487707252,6.630175414,3.195207113,1.482942756,3.161971749,4.091967193,5.119380903,5.377204607,4.526350987,7.990664876,11.51290831,15.06343808,12.81028104,13.55618683,11.16141406,10.47327741,8.282335673,4.918610167,0.888361918,2.065084707,0.751057542,-0.818632517,13.55618683,1.482942756
Brazil,BRA,"Adjusted net savings, including particulate emission damage (% of GNI)",NY.ADJ.SVNG.GN.ZS,,9.799609261,10.33836758,11.7757294,11.98494678,11.55503892,6.441740513,4.863074014,4.229104424,4.074953048,1.362709891,3.870743143,3.281744914,4.548973059,5.823548373,7.675853915,7.414360338,8.068505168,8.704585287,8.580440757,7.974086211,8.549209527,9.11994751,8.405762557,9.034239647,7.065766574,6.468363123,5.598311988,5.440248602,3.311790903,8.549209527,3.870743143
Barbados,BRB,"Adjusted net savings, including particulate emission damage (% of GNI)",NY.ADJ.SVNG.GN.ZS,,12.3584206,9.977699582,12.34951795,11.09314073,13.2724126,5.996898449,7.614792846,6.52460454,7.605799478,5.287169662,4.89406606,3.637005133,4.75110108,7.247392427,2.412869086,-1.697786587,4.907110687,4.805720577,-2.74014292,2.67583626,-2.317295735,-8.548668767,-3.507846402,-3.495406522,-2.069690951,-0.193890138,-0.626937448,,,-2.317295735,4.89406606
Brunei Darussalam,BRN,"Adjusted net savings, including particulate emission damage (% of GNI)",NY.ADJ.SVNG.GN.ZS,,,,,,,,,,,,,18.27571739,24.66015496,24.14608822,20.78337252,25.2194618,27.39794989,28.2999665,35.81923074,25.3890103,36.65207063,35.98362865,37.75495425,38.71406706,38.330545,35.67731727,37.44142764,35.55358972,30.35704,36.65207063,
Botswana,BWA,"Adjusted net savings, including particulate emission damage (% of GNI)",NY.ADJ.SVNG.GN.ZS,,32.82303194,35.73219391,31.1721287,32.35013236,20.74235966,19.04828493,28.79378454,30.04402752,32.09363684,34.93887919,35.02250085,39.76872621,28.99638543,25.55407762,23.85801058,31.54851177,31.02468534,30.29845669,24.67191169,14.31654645,21.02310829,29.16768666,27.24294918,23.1857968,27.55444511,23.37124832,22.46279816,23.39258362,20.49314596,21.02310829,35.02250085
Central African Republic,CAF,"Adjusted net savings, including particulate emission damage (% of GNI)",NY.ADJ.SVNG.GN.ZS,,2.872468217,1.631243594,1.881916286,4.556380374,8.438233049,,,,,,,,,,,,,,,,,,,,,,,,,,
Canada,CAN,"Adjusted net savings, including particulate emission damage (% of GNI)",NY.ADJ.SVNG.GN.ZS,,6.33119663,4.256501086,3.182818138,4.122014415,6.829201155,8.62009066,8.729171729,9.63020495,7.664611277,9.287099059,11.29535543,9.419568282,9.145729868,9.377481914,10.83682408,11.54625562,11.72057321,11.37170217,10.15591161,4.404679716,6.606146796,8.301639462,8.22725004,8.746025135,9.249865236,5.712176995,4.970396923,6.660047297,6.036965752,6.606146796,11.29535543
Central Europe and the Baltics,CEB,"Adjusted net savings, including particulate emission damage (% of GNI)",NY.ADJ.SVNG.GN.ZS,,,,,,,5.047412917,5.090827734,5.509963335,5.743164084,4.011871705,4.106604881,4.119650651,3.641166995,3.34205152,3.768761477,5.461672911,6.245954302,7.624492717,8.119886669,6.256370993,5.969743981,6.732165499,6.67982302,7.785476203,8.505305712,9.820416711,8.839332009,9.368821127,9.39447423,5.969743981,4.106604881
Switzerland,CHE,"Adjusted net savings, including particulate emission damage (% of GNI)",NY.ADJ.SVNG.GN.ZS,,16.40363613,14.53568095,12.74672006,13.7198898,14.24814821,15.20432381,14.89403482,16.77333519,16.75261348,16.3182611,19.07100186,15.60884914,14.13138279,17.44536415,18.06106131,19.5312983,21.93184255,18.84305955,12.45383646,16.96340098,21.35436524,18.62905105,19.05464337,17.93188448,15.99991189,18.50445718,17.31922528,16.80138545,16.93070767,21.35436524,19.07100186
Chile,CHL,"Adjusted net savings, including particulate emission damage (% of GNI)",NY.ADJ.SVNG.GN.ZS,,5.724175442,6.273192687,6.80163457,7.239499651,7.582263066,10.06255553,9.054261635,9.055514785,9.041677729,6.559762231,5.774593573,7.253989264,8.197569759,6.86572574,5.752638925,6.253566504,3.464365522,3.695768622,2.666663177,5.60700274,6.600895714,4.741671598,5.501207234,4.450895991,4.853800544,6.007058856,5.037335398,2.11876147,0.526902592,6.600895714,5.774593573
China,CHN,"Adjusted net savings, including particulate emission damage (% of GNI)",NY.ADJ.SVNG.GN.ZS,,16.62922725,20.06166005,23.03027718,23.10449474,24.18821207,22.42492665,21.50393216,22.64989203,21.45747601,18.73895093,16.87993857,18.55825228,19.96723399,22.26103945,23.07784939,22.58234856,23.47291501,24.5356981,23.25868186,24.64104624,23.8101352,19.83242945,20.02689163,19.76971947,20.55942837,19.73937006,19.00518763,18.68046339,21.13281118,23.8101352,16.87993857
Cote d'Ivoire,CIV,"Adjusted net savings, including particulate emission damage (% of GNI)",NY.ADJ.SVNG.GN.ZS,,,,,,,,,,,,,,,,,5.880397531,3.511370174,4.598243449,8.730167113,12.64576768,12.1448361,7.967574194,10.62656161,15.15920022,19.49056473,22.73440807,21.30044144,,,12.1448361,
Cameroon,CMR,"Adjusted net savings, including particulate emission damage (% of GNI)",NY.ADJ.SVNG.GN.ZS,,1.297995514,5.022645877,-0.903310339,3.231511376,6.207590803,7.465843696,3.93055486,3.874482716,9.089922498,6.399476698,0.00103084,2.297099511,2.740223332,4.554133144,7.404957204,4.983718365,3.988039513,3.023484401,1.504579162,3.55262013,0.603202298,0.705008912,-0.568842006,-0.04446346,1.881439661,0.5523709,1.394883747,1.402205477,-0.30946323,0.603202298,0.00103084
"Congo, Dem. Rep.",COD,"Adjusted net savings, including particulate emission damage (% of GNI)",NY.ADJ.SVNG.GN.ZS,,,,,,,,,,,,,,,,,-7.269167629,-3.63503323,-4.793223575,-18.13537917,-13.17388149,-1.510113981,-6.488248231,-18.98888394,-17.63914427,-14.67759091,-13.36485847,-14.59027237,0.084120662,-7.935677863,-1.510113981,
"Congo, Rep.",COG,"Adjusted net savings, including particulate emission damage (% of GNI)",NY.ADJ.SVNG.GN.ZS,,-19.47429339,-20.6377993,-5.499292075,-30.80679237,-15.98537311,-79.71369332,-81.26029417,-53.83062409,-34.56875619,-38.93759166,-32.281782,-36.18419836,-29.45520763,-13.11749389,-46.58093918,-50.7172589,-56.72073462,-54.95942546,-49.42332551,-42.81001444,-39.64462842,-44.67366231,-42.14778121,-38.73546925,-23.81427807,-24.59226972,-39.85000052,,,-39.64462842,-32.281782
Colombia,COL,"Adjusted net savings, including particulate emission damage (% of GNI)",NY.ADJ.SVNG.GN.ZS,,7.354975653,11.5002018,9.449197986,8.285230028,9.372178292,7.899296136,3.006669055,1.76185612,0.995294629,-1.149724723,-1.79171311,-0.642382822,0.370861695,0.959708151,1.698227407,2.752315482,2.223238537,2.600348888,2.13413622,3.680873398,3.082896579,1.999092568,1.590849184,1.832701304,1.666208219,1.322069903,1.676666192,0.132216348,-2.044012202,3.082896579,-1.79171311
Costa Rica,CRI,"Adjusted net savings, including particulate emission damage (% of GNI)",NY.ADJ.SVNG.GN.ZS,,15.2820738,8.140061904,9.990118745,8.719559075,10.72846701,11.14773519,9.93272353,12.98854471,15.67985161,13.89611355,13.62822957,14.48071264,11.43297715,10.33916574,11.68928589,11.13565056,13.54465297,14.73341923,13.34013477,14.71679771,14.64169303,13.02599383,14.36559169,13.31059182,13.12399092,14.57860849,15.66555756,16.6239718,16.90327807,14.64169303,13.62822957
Cyprus,CYP,"Adjusted net savings, including particulate emission damage (% of GNI)",NY.ADJ.SVNG.GN.ZS,,11.37308792,5.537092577,7.256338108,13.56186529,14.77352114,10.50165992,9.079559735,7.228129553,14.72000463,8.532885056,7.846614822,7.921532574,9.84570933,11.79984928,11.06079753,11.02867116,11.39305688,7.580316778,8.288240334,10.18924426,6.732458666,9.607362458,5.289686104,3.911216879,1.056307656,4.212962403,4.716165089,7.420020652,8.136540501,6.732458666,7.846614822
Czech Republic,CZE,"Adjusted net savings, including particulate emission damage (% of GNI)",NY.ADJ.SVNG.GN.ZS,,,,,8.358934224,9.804121842,11.29501477,10.7322345,6.901190611,8.187538695,6.262570809,5.86683565,6.421508091,5.845366056,5.092780932,6.450032887,7.913696995,8.596305557,10.13304592,8.566736177,3.928842389,3.36433985,3.773872006,5.033797017,4.543847505,6.012773669,10.4175935,9.85774701,10.18195025,,3.36433985,5.86683565
Germany,DEU,"Adjusted net savings, including particulate emission damage (% of GNI)",NY.ADJ.SVNG.GN.ZS,,,11.46681572,11.14337687,9.602619954,9.9544165,10.39703064,9.641793125,9.882707647,10.17872202,9.46470652,9.132887199,8.906519702,8.899816483,8.071673928,10.63326793,10.32182387,12.69183527,14.72474034,13.3081939,9.782302852,11.60060056,13.69915177,12.52049154,12.02853368,13.29769599,14.08170505,14.32090028,14.33371345,14.43842635,11.60060056,9.132887199
Denmark,DNK,"Adjusted net savings, including particulate emission damage (% of GNI)",NY.ADJ.SVNG.GN.ZS,,12.68527892,10.0920729,12.34141334,12.0562264,11.75902582,12.98648689,13.4759133,14.34218012,14.13189277,14.34643968,14.75957191,15.56746008,14.58656194,14.15403959,14.73760631,15.25245635,16.15659077,15.03019537,13.53812731,10.8883298,13.16997652,14.23645543,12.73033716,16.19152975,17.46859374,17.99532781,18.97987259,19.05553078,19.36445648,13.16997652,14.75957191
Dominican Republic,DOM,"Adjusted net savings, including particulate emission damage (% of GNI)",NY.ADJ.SVNG.GN.ZS,,11.16993877,28.56096177,7.538071409,11.41780281,14.25912077,13.19563225,15.57502674,18.43019389,24.39448898,22.84721351,20.41384295,21.45481416,20.64965822,18.47125585,19.73146445,17.76380541,18.31406336,17.25389009,16.58305257,15.18431099,15.34891661,13.71451154,14.12833473,14.54032682,16.12967995,18.13638663,17.90361886,18.15047624,19.34991332,15.34891661,20.41384295
Algeria,DZA,"Adjusted net savings, including particulate emission damage (% of GNI)",NY.ADJ.SVNG.GN.ZS,,8.726765646,19.57270341,,,,,,,,,,,,,,26.35741048,27.66871394,31.1664383,31.03712454,26.01439273,28.63347098,25.15505175,24.6128339,23.98931897,22.86730079,19.62022632,22.85725127,21.22731265,,28.63347098,
East Asia & Pacific (excluding high income),EAP,"Adjusted net savings, including particulate emission damage (% of GNI)",NY.ADJ.SVNG.GN.ZS,,15.15055325,18.04578353,19.93462452,21.57597412,22.48790439,21.00533842,20.10286558,20.67126416,19.62929933,17.2126169,16.77050264,16.64327885,17.48098299,19.02651644,19.65671786,19.59087661,20.56538081,21.62967666,20.74875258,22.06333536,21.85485977,18.82951916,18.85485799,18.66511506,19.36555184,18.67027953,18.25019476,18.05565965,19.91451211,21.85485977,16.77050264
Early-demographic dividend,EAR,"Adjusted net savings, including particulate emission damage (% of GNI)",NY.ADJ.SVNG.GN.ZS,,6.011665952,6.794062681,7.438784813,8.943203397,9.95121847,10.25875558,10.64972063,11.37096796,10.92882508,10.33505379,10.3674385,8.992603445,9.280882737,9.436397681,10.69682658,12.37055727,13.84730553,14.42196514,14.10484807,12.85400831,14.98912394,14.60716101,13.70746445,12.73058384,12.56244794,12.11217669,12.27549895,12.75921915,12.49286994,14.98912394,10.3674385
East Asia & Pacific,EAS,"Adjusted net savings, including particulate emission damage (% of GNI)",NY.ADJ.SVNG.GN.ZS,,,,,,,,16.29544937,16.06229899,14.49083736,12.66781865,12.8266666,11.78892524,11.61466067,12.48126633,13.38343589,13.46442979,14.2852038,15.4448883,13.92284755,13.20233468,14.52177971,13.07485023,13.35662668,14.17626208,15.02747596,15.52288145,15.22362568,15.54286862,16.57608,14.52177971,12.8266666
Europe & Central Asia (excluding high income),ECA,"Adjusted net savings, including particulate emission damage (% of GNI)",NY.ADJ.SVNG.GN.ZS,,,,,,-10.72796878,-11.97695855,-6.186297127,-6.405803963,-1.593350042,1.436483143,4.166462449,2.708849124,3.008436413,3.510260546,7.09566416,8.389745357,9.638738249,11.24218987,10.62252,4.192127954,8.120000334,10.25583941,9.522726372,8.162860169,8.786776109,9.980503278,8.273410493,8.974484448,8.928249559,8.120000334,4.166462449
Europe & Central Asia,ECS,"Adjusted net savings, including particulate emission damage (% of GNI)",NY.ADJ.SVNG.GN.ZS,,7.863031734,7.342209639,7.214238153,6.747989991,8.2480929,9.264306083,9.512227221,9.984902187,10.49906626,10.17553602,10.02828217,9.752626762,9.489095209,9.407400766,10.09777099,10.28365171,10.92850814,11.46941546,10.0297459,7.090422445,8.351559996,9.220382883,8.664770298,8.475145297,9.102539478,9.786928874,9.778408819,10.4668743,10.39109965,8.351559996,10.02828217
Ecuador,ECU,"Adjusted net savings, including particulate emission damage (% of GNI)",NY.ADJ.SVNG.GN.ZS,,8.867049764,13.51970739,16.31587633,7.213178118,7.099288482,3.712931897,4.80141475,7.601329226,6.395785771,8.742834612,8.252536154,5.965500739,5.912479233,4.355597178,2.084572863,1.775550351,3.521022896,4.962893683,7.327184311,10.25323523,6.474878608,6.664004692,7.74177372,8.070809663,7.584148405,7.3179287,8.56563509,7.375489417,3.645861048,6.474878608,8.252536154
"Egypt, Arab Rep.",EGY,"Adjusted net savings, including particulate emission damage (% of GNI)",NY.ADJ.SVNG.GN.ZS,,11.21132238,18.34066255,19.75268764,16.74545075,11.43855388,10.05497082,6.127941464,7.51828413,10.92178361,8.959350419,7.48731193,10.15180057,9.881269563,8.091959011,8.364836065,5.910647148,6.934150938,8.550519425,7.128939942,5.198391643,6.750401606,4.849122954,1.676375153,3.410126482,2.026240921,3.238562646,3.798517664,1.346771398,3.556278927,6.750401606,7.48731193
Euro area,EMU,"Adjusted net savings, including particulate emission damage (% of GNI)",NY.ADJ.SVNG.GN.ZS,,11.94970728,11.05654684,10.61640359,10.05047439,10.40983409,11.43392274,11.15088994,11.77261345,11.89816378,11.62557445,11.17664768,11.04755023,10.75882062,10.32321722,11.13896499,10.80678444,11.50980629,12.14472912,10.58418098,7.781733162,8.258411217,9.008226616,8.479685677,8.51632957,9.238112147,9.970788717,10.50861697,11.10275631,11.21466019,8.258411217,11.17664768
Eritrea,ERI,"Adjusted net savings, including particulate emission damage (% of GNI)",NY.ADJ.SVNG.GN.ZS,,,,,,37.27191436,-1.120558374,-1.23343245,14.59532524,-11.18493272,3.161007825,0.054711339,,,,,,,,,,,,,,,,,,,,0.054711339
Spain,ESP,"Adjusted net savings, including particulate emission damage (% of GNI)",NY.ADJ.SVNG.GN.ZS,,12.71739356,12.33920526,10.74768462,10.35592873,10.19861622,12.77498425,12.57775133,13.5335846,14.11086613,13.11536423,12.79505663,12.59235385,13.32147381,13.86676113,12.83031629,11.95971911,11.53175196,10.91474223,9.414080734,8.571041599,7.506948833,6.32208089,6.045236634,6.881400634,7.15543959,8.701655134,9.732122931,9.989768806,10.15825483,7.506948833,12.79505663
Estonia,EST,"Adjusted net savings, including particulate emission damage (% of GNI)",NY.ADJ.SVNG.GN.ZS,,,,,,,,,,,,12.38174592,12.0895065,11.66796547,11.74672823,11.73454275,14.27789963,14.91904516,14.77399271,13.04460944,9.958694796,9.725383589,13.95154459,14.04002198,13.37178294,14.81831462,13.27580024,12.09289879,15.6447523,16.66451189,9.725383589,12.38174592
European Union,EUU,"Adjusted net savings, including particulate emission damage (% of GNI)",NY.ADJ.SVNG.GN.ZS,,11.60567613,10.64819136,10.13931621,9.562670935,10.29312383,11.4189069,11.17201339,11.73865092,11.8417566,11.51633424,11.12656574,10.96120198,10.58710276,10.25799801,11.02270992,10.78899909,11.549744,12.17376985,10.76618882,7.987601654,8.535354843,9.281413053,8.769631917,8.960181892,9.669665708,10.4621606,10.87043476,11.43023153,11.50063305,8.535354843,11.12656574
Fragile and conflict affected situations,FCS,"Adjusted net savings, including particulate emission damage (% of GNI)",NY.ADJ.SVNG.GN.ZS,,,15.84462883,12.57244445,7.251655489,11.20811437,13.45357365,14.47448004,16.97382319,13.71257467,17.16207305,19.72618996,14.29274077,9.785964107,8.749857172,10.44141702,14.77455636,21.10385296,14.73279176,19.11003692,9.658726422,13.71256561,12.62054784,13.48289287,6.017952262,5.470193409,1.348602867,-1.131612581,-0.184555405,-0.97817101,13.71256561,19.72618996
Finland,FIN,"Adjusted net savings, including particulate emission damage (% of GNI)",NY.ADJ.SVNG.GN.ZS,,11.93064458,4.189405966,1.966634701,3.560099996,6.98828536,12.15651321,11.63970883,15.56426658,16.89301082,17.3791821,19.16175782,19.66017461,18.54944698,15.78707274,17.18426536,16.0046324,15.83255772,17.29267641,15.10167708,9.71125433,10.22149543,9.614295182,8.314055652,7.318471288,7.554570456,7.677124598,8.239446215,10.20421919,10.79311669,10.22149543,19.16175782
France,FRA,"Adjusted net savings, including particulate emission damage (% of GNI)",NY.ADJ.SVNG.GN.ZS,,12.10960777,11.34409843,10.71276448,9.976236669,10.50548836,11.47694433,11.33013259,12.38311506,13.37421819,13.81907393,12.85047486,12.68919648,11.42660604,11.07898375,11.18572213,10.70761844,11.18488058,11.56131747,10.68071733,7.798502121,7.987511952,8.767178032,7.982967838,7.830818512,7.985720154,8.857302078,8.525371328,9.179849727,8.938401929,7.987511952,12.85047486
Gabon,GAB,"Adjusted net savings, including particulate emission damage (% of GNI)",NY.ADJ.SVNG.GN.ZS,,-18.16507159,-2.31019545,-16.05110528,-23.88123632,-5.86225649,-3.010590387,-3.686040029,5.63833764,3.412665896,3.627113645,0.177293265,5.665558172,8.802291836,9.92080671,3.865932422,10.13425304,,5.013850251,5.193703746,6.847729682,8.893277963,8.421004439,8.863550702,8.941876771,14.6362556,20.35966826,,,,8.893277963,0.177293265
United Kingdom,GBR,"Adjusted net savings, including particulate emission damage (% of GNI)",NY.ADJ.SVNG.GN.ZS,,2.864909743,2.350303549,1.864459583,2.672770293,5.10679118,5.510522451,5.802264251,7.498787632,7.741358339,5.554798463,5.358717751,5.219938436,5.814216494,5.920230403,5.18199348,6.068860553,5.432623012,5.421351485,2.745567297,0.41440465,2.526514524,3.152947484,1.812940071,1.285356088,2.778405302,2.968796487,2.539405846,4.126245834,3.039259061,2.526514524,5.358717751
Georgia,GEO,"Adjusted net savings, including particulate emission damage (% of GNI)",NY.ADJ.SVNG.GN.ZS,,,,,,,,,,6.993048398,9.453268283,0.462040378,8.560033927,9.213781552,5.83852293,11.29629859,9.849686296,2.269260997,1.854762042,-5.822196157,-9.229493345,-0.334884638,-2.543429603,2.891864861,4.295406531,4.477524519,3.063047944,6.570795064,7.70351078,9.556577345,-0.334884638,0.462040378
Ghana,GHA,"Adjusted net savings, including particulate emission damage (% of GNI)",NY.ADJ.SVNG.GN.ZS,,4.160456331,6.822603169,0.475106886,1.560318178,5.675323923,4.947798387,4.849908497,-1.6833749,5.497739025,-0.053002378,5.369932504,9.514961745,5.439563929,5.353034073,8.617027547,2.476822193,-0.251548801,-11.16460854,-14.03567049,-14.46274009,-21.79510691,-23.08039347,-23.74747334,-9.189921746,-11.37168835,-10.19407253,-12.23426284,-6.705092079,-8.40219248,-21.79510691,5.369932504
Guinea,GIN,"Adjusted net savings, including particulate emission damage (% of GNI)",NY.ADJ.SVNG.GN.ZS,,5.581638218,6.872678163,9.230919753,14.0083576,11.6894135,5.734137853,1.720434198,6.565411456,1.713221781,3.641216127,3.147929174,1.733751485,-2.375671735,0.51338723,-3.834292629,-9.694186221,-14.54994526,-19.28743222,-14.86492919,-25.64325009,-13.9441244,-19.93386124,-17.62750901,-29.78718392,-26.8011462,-30.62980455,-17.91277195,-12.1202274,-10.17470877,-13.9441244,3.147929174
"Gambia, The",GMB,"Adjusted net savings, including particulate emission damage (% of GNI)",NY.ADJ.SVNG.GN.ZS,,4.345524721,-6.787667513,-6.349518359,-17.03920057,-19.02906914,-9.759683202,-22.83995405,-10.91483828,,,,,,-13.09411142,-12.03976367,-14.15467385,-5.842398577,-8.214802973,-16.80323885,-11.8399439,-17.14487233,-12.13888798,-4.195322894,-12.84833391,-10.3330763,-17.21916397,-10.72453836,-8.084000118,-7.838522853,-17.14487233,
Guinea-Bissau,GNB,"Adjusted net savings, including particulate emission damage (% of GNI)",NY.ADJ.SVNG.GN.ZS,,9.201752123,-1.831275135,0.342835175,0.823907497,0.548557683,1.263049761,-2.539377889,5.611734405,,,,-9.182734706,-5.143822972,-7.463349958,-4.682618782,-10.07345707,-9.474496233,-7.216959143,-6.795621938,-12.80391525,-19.1688509,-3.621258451,-15.4666799,-17.06472566,-6.674143778,-9.146153264,-10.11626664,-7.60396359,-2.202398552,-19.1688509,
Greece,GRC,"Adjusted net savings, including particulate emission damage (% of GNI)",NY.ADJ.SVNG.GN.ZS,,11.16965477,13.55949618,12.80902099,11.84210343,12.08662465,10.86226414,9.902484246,10.94339937,,5.511458302,6.306969181,6.646246994,5.285249833,5.436245925,5.445953247,3.23208141,3.207132664,0.389772028,-2.882098337,-7.898468978,-9.271993044,-11.27905749,-8.770920954,-7.595612453,-5.762905147,-5.336672356,-4.611586997,-3.057596084,-1.724196817,-9.271993044,6.306969181
Guatemala,GTM,"Adjusted net savings, including particulate emission damage (% of GNI)",NY.ADJ.SVNG.GN.ZS,,2.532044501,5.005302283,4.333663262,4.496438808,3.848475093,4.234103077,2.95610113,2.850253136,4.647708893,4.099574922,4.223003475,2.874444822,6.56458759,6.774798465,7.833990731,5.373527138,5.075789275,4.131206064,-0.074681406,0.671978336,-0.608662484,-0.823561866,0.149680917,-1.354913732,-1.638632168,0.773379681,1.846399322,1.859920654,1.821114344,-0.608662484,4.223003475
Guyana,GUY,"Adjusted net savings, including particulate emission damage (% of GNI)",NY.ADJ.SVNG.GN.ZS,,,,17.64221762,22.21737501,9.659738624,18.78966405,23.7273327,16.59179764,15.18153642,12.8868527,9.658698855,6.864326079,7.345379152,10.36924895,16.66460866,18.03367356,19.54921234,11.8316595,2.807212725,9.158863123,2.834204025,-4.612801144,-5.538692228,-12.95865911,5.140814608,7.263195497,10.66560229,4.751890867,19.91105832,2.834204025,9.658698855
High income,HIC,"Adjusted net savings, including particulate emission damage (% of GNI)",NY.ADJ.SVNG.GN.ZS,,8.60707857,7.775203314,7.437974888,6.72884412,7.804775392,8.677046394,11.04883972,11.57675657,11.14136033,10.42318679,10.33140977,9.348954696,8.66013298,8.564560777,9.095397355,9.180916954,9.91695194,9.626075306,7.589925243,5.187751268,6.903712314,7.739382711,8.117788746,8.356806868,8.938306528,9.096729552,8.60635275,9.107497787,8.873739783,6.903712314,10.33140977
Hong Kong,HKG,"Adjusted net savings, including particulate emission damage (% of GNI)",NY.ADJ.SVNG.GN.ZS,,8.989458614,9.282934601,8.255587351,16.74350033,20.15786378,18.39225418,16.71139546,19.67442186,20.29586194,22.91925103,17.11366597,15.82626224,15.8663769,16.31800793,17.67407657,21.42303216,22.42133345,21.25795758,18.17351519,13.91551652,13.63890035,16.22807171,14.26395997,10.1706488,12.33399912,18.42665769,18.53253248,22.35762531,19.39928609,13.63890035,17.11366597
Haiti,HTI,"Adjusted net savings, including particulate emission damage (% of GNI)",NY.ADJ.SVNG.GN.ZS,,-2.328678623,6.117319709,5.98101369,-9.429610846,-5.427807328,20.97685981,21.81147794,18.49671437,21.30708325,22.78233202,23.00274503,19.1061289,18.23457978,24.41800367,21.24483956,22.42673681,21.4583067,24.43228586,17.11853819,19.11810921,17.12971432,16.63713075,16.80046287,16.36324258,15.45005073,22.02754812,21.04155465,16.56831994,15.43444941,17.12971432,23.00274503
Hungary,HUN,"Adjusted net savings, including particulate emission damage (% of GNI)",NY.ADJ.SVNG.GN.ZS,,,,,-3.305269333,0.917400177,2.337684824,2.556360208,4.612363601,4.957970309,1.619659752,2.501668776,4.188689628,4.832762604,3.653768474,4.667816571,4.584846048,6.052367965,4.775517488,5.116972063,5.156889029,6.031980354,6.095478452,5.34909326,9.521612313,11.08791289,12.4867482,12.6532256,12.27728957,14.52914819,6.031980354,2.501668776
Indonesia,IDN,"Adjusted net savings, including particulate emission damage (% of GNI)",NY.ADJ.SVNG.GN.ZS,,7.548674459,10.66878526,12.07487691,19.00909431,20.3947114,18.84747925,18.1123061,19.48411979,10.86005214,2.073180545,13.34288875,1.53532659,-1.162930088,-2.874350873,-4.122124524,-1.37689989,1.195293941,0.650092516,3.46481173,7.568231376,10.84604641,10.82878534,10.48620078,10.36823113,10.88504202,11.0331068,13.21178399,13.77714149,12.89529289,10.84604641,13.34288875
India,IND,"Adjusted net savings, including particulate emission damage (% of GNI)",NY.ADJ.SVNG.GN.ZS,,9.274416266,8.957935288,10.55071061,10.94788243,13.35347979,14.03630277,13.87773522,14.40460882,14.10428918,14.47569104,14.04279682,13.76446876,15.17333831,17.7295245,20.68847497,21.49174026,23.3320469,23.92368291,21.53447727,22.42630007,23.62838916,21.9381276,22.19329947,21.21213164,20.60222401,20.13473568,18.94656071,19.12072348,17.65978591,23.62838916,14.04279682
"Iran, Islamic Rep.",IRN,"Adjusted net savings, including particulate emission damage (% of GNI)",NY.ADJ.SVNG.GN.ZS,,0.708671632,,,6.072004419,6.943785535,10.34796031,12.12267217,9.552126634,6.952101597,10.79003154,8.171182568,,,,,,,,,,,,,,,,,,,,8.171182568
Israel,ISR,"Adjusted net savings, including particulate emission damage (% of GNI)",NY.ADJ.SVNG.GN.ZS,,12.58614501,16.53938995,17.72996234,16.02328934,15.39458797,14.95355383,15.10898428,15.87213799,15.21588699,14.72846766,13.76356786,12.73572041,10.40132689,10.36878533,11.09226465,12.9975514,14.59548281,13.93645267,11.5528888,12.2391484,13.39144738,14.03902847,12.80496427,14.57868461,16.02377233,16.68963215,16.41228261,15.61673633,15.64097368,13.39144738,13.76356786
Italy,ITA,"Adjusted net savings, including particulate emission damage (% of GNI)",NY.ADJ.SVNG.GN.ZS,,9.614157888,8.634059617,8.472867943,9.342801702,9.285919227,11.40745087,11.93595107,11.92025631,10.7560894,10.08227792,9.232665614,9.924559763,9.449239574,8.860725508,8.997259519,7.977751598,8.32655306,8.274360973,6.220652524,3.996667404,3.257920007,3.278859194,2.545153461,2.998259217,3.932414241,3.660003384,5.49812027,6.138540463,6.354966451,3.257920007,9.232665614
Jamaica,JAM,"Adjusted net savings, including particulate emission damage (% of GNI)",NY.ADJ.SVNG.GN.ZS,,13.08932512,12.3445369,19.014959,28.24474134,20.91767213,17.83155591,17.20174147,17.03554624,15.59000223,14.53230386,12.47217556,12.96049183,11.77353093,12.75644853,15.49284077,10.18406248,12.14154066,10.14409908,2.095168965,9.316999346,9.914311202,5.247854365,7.700143539,8.292536339,10.48404015,14.04662882,17.02914309,17.41911522,17.47189309,9.914311202,12.47217556
Jordan,JOR,"Adjusted net savings, including particulate emission damage (% of GNI)",NY.ADJ.SVNG.GN.ZS,,15.50614738,7.202857351,11.92097687,20.43846572,22.04529953,25.03676148,22.32915404,19.00699353,15.27194368,15.76923802,13.60325557,11.83810995,16.47251123,23.58949476,18.5147545,6.815160526,8.802946423,5.390247855,13.15721938,16.78711674,17.16109728,11.14406575,4.360027791,6.926402559,9.496248828,6.856322107,4.25464271,1.585308107,3.29239824,17.16109728,13.60325557
Japan,JPN,"Adjusted net savings, including particulate emission damage (% of GNI)",NY.ADJ.SVNG.GN.ZS,,,,,,,,13.77709892,12.99775087,11.30086184,9.410341488,10.03443121,8.52892353,7.112109349,7.53273068,8.298936002,8.298164615,8.06016189,8.373435234,5.677873899,1.662392745,3.792553123,2.956164868,2.891145327,3.341531435,3.736305671,6.301926496,6.80291642,7.550863307,7.30820946,3.792553123,10.03443121
Kazakhstan,KAZ,"Adjusted net savings, including particulate emission damage (% of GNI)",NY.ADJ.SVNG.GN.ZS,,,,,,,-10.52425805,-7.651683649,-7.962801522,,-14.13469943,-19.85190291,-9.963346978,-6.121369413,-5.159248137,-8.575277649,-8.908605597,-4.495464507,4.372978173,4.342737025,6.050232979,5.382485214,8.526064975,6.68529355,7.572089233,9.499944461,8.985835316,4.765870044,5.8338948,2.986819482,5.382485214,-19.85190291
Kenya,KEN,"Adjusted net savings, including particulate emission damage (% of GNI)",NY.ADJ.SVNG.GN.ZS,,5.348802283,5.31375148,-0.273541679,21.00473852,18.24587194,6.067772401,0.009252955,0.808675937,1.155346511,2.82727941,-2.947107881,-5.532374918,-6.783390287,-6.91608468,-2.981103696,-0.003879207,4.422317186,4.502575504,3.11065886,1.620850313,1.5349097,1.388437827,0.880111756,-1.514891288,-2.367786683,-1.397545397,-0.315995601,-4.418616397,,1.5349097,-2.947107881
Kyrgyz Republic,KGZ,"Adjusted net savings, including particulate emission damage (% of GNI)",NY.ADJ.SVNG.GN.ZS,,,,,,,,,-0.556133895,-25.59496229,-13.97174453,-2.170307335,3.232390195,1.336530762,-4.772057731,1.095264318,4.052062386,1.542868149,13.34523068,1.544717203,12.19432409,3.844319006,2.845368266,-0.856892788,-10.02278103,-10.19919972,-11.07824605,5.221783852,7.449434213,7.122602564,3.844319006,-2.170307335
Cambodia,KHM,"Adjusted net savings, including particulate emission damage (% of GNI)",NY.ADJ.SVNG.GN.ZS,,,,,,,-5.995248949,-7.249009124,-2.442352583,-3.860974633,4.650319646,6.933440796,8.948374655,6.77972861,5.882190709,3.739567123,5.743606541,11.32976555,9.831444985,6.645297013,7.349811958,5.754622685,4.807144365,8.006186105,11.183578,9.894373222,8.85595317,6.737948079,9.039929132,10.13083355,5.754622685,6.933440796
"Korea, Rep.",KOR,"Adjusted net savings, including particulate emission damage (% of GNI)",NY.ADJ.SVNG.GN.ZS,,28.73471317,29.26822157,27.6915991,27.52518585,27.68930461,25.95949023,23.70897741,22.6833147,21.33033557,19.86385564,18.50200855,16.20957607,16.4073374,18.01382618,20.67339836,18.94904339,18.31832595,19.1101645,17.73315595,16.60880587,19.40959064,18.49306652,17.88813608,18.48066826,18.64938566,20.05316299,20.74131021,21.02178712,19.16615483,19.40959064,18.50200855
Kuwait,KWT,"Adjusted net savings, including particulate emission damage (% of GNI)",NY.ADJ.SVNG.GN.ZS,,6.438513786,-166.7223704,16.71921975,19.05310947,18.63761738,21.10295752,24.44081059,25.48320583,12.08001329,18.519626,30.99637966,20.81560369,13.26381686,20.78868436,30.4068649,35.93026454,42.73267943,,37.94806749,,,35.82983677,35.3627073,32.59780403,28.22583024,13.87090981,11.30316202,16.82693189,18.8837258,,30.99637966
Latin America & Caribbean (excluding high income),LAC,"Adjusted net savings, including particulate emission damage (% of GNI)",NY.ADJ.SVNG.GN.ZS,,7.970250383,8.809044609,8.420917913,10.09930611,10.68320407,8.199500284,7.837627651,8.294558923,8.029300301,7.068238445,7.62994063,7.472491029,7.322566823,6.881778946,8.163041593,7.842220735,9.581890377,10.0028728,10.05881296,9.079442388,10.1733139,9.438522093,8.648948851,7.662283357,6.781578809,6.87270288,6.481268519,5.931138851,4.77794499,10.1733139,7.62994063
Latin America & Caribbean,LCN,"Adjusted net savings, including particulate emission damage (% of GNI)",NY.ADJ.SVNG.GN.ZS,,8.163414454,8.915141134,8.605075242,10.2047677,10.77646306,8.555439253,8.174988826,8.60008137,8.327870563,7.363508126,7.857486227,7.731068559,7.711150946,7.240095789,8.40832243,8.03651277,9.533484736,9.942418281,9.963953183,9.143002639,10.14698494,9.389863466,8.668707376,7.733418455,6.891870075,7.138179581,6.736144838,6.051168959,4.832858627,10.14698494,7.857486227
Sri Lanka,LKA,"Adjusted net savings, including particulate emission damage (% of GNI)",NY.ADJ.SVNG.GN.ZS,,20.82938089,20.36667775,20.9656793,22.39998049,21.24014202,17.47920864,18.55368688,19.28313037,18.51343216,19.0661514,17.63585201,19.09053111,17.39527295,17.66302479,17.50352358,19.49242656,17.7237623,18.59527272,13.06428443,19.08528883,23.50978942,20.88095513,27.83770533,23.99408411,23.70767822,23.25765653,20.6963473,23.3944836,20.96912603,23.50978942,17.63585201
Luxembourg,LUX,"Adjusted net savings, including particulate emission damage (% of GNI)",NY.ADJ.SVNG.GN.ZS,,,,,,,,,,,28.68820721,28.47914126,26.69930059,23.78353786,23.49211298,32.06077115,35.17164849,30.90706886,38.5905836,32.86819615,6.869278871,19.58582859,18.01836142,14.19104682,13.73262514,15.62623904,16.51269871,16.08123578,13.19113212,13.0732994,19.58582859,28.47914126
Latvia,LVA,"Adjusted net savings, including particulate emission damage (% of GNI)",NY.ADJ.SVNG.GN.ZS,,,,,,,-22.48261355,-20.80665958,-16.1552074,-13.42606496,-15.45267798,-6.766066816,-3.311383388,-1.347379639,0.455840462,0.221064543,3.739424721,-2.056411168,2.024467883,4.424141953,9.626176566,-0.141722223,1.336371593,2.807901828,2.506214277,0.334432897,1.573267981,2.385458782,4.005398848,4.683373569,-0.141722223,-6.766066816
Morocco,MAR,"Adjusted net savings, including particulate emission damage (% of GNI)",NY.ADJ.SVNG.GN.ZS,,23.8906701,19.48899993,20.02750101,18.39520901,17.31473277,14.87476064,17.57183968,17.28934264,20.1071734,18.07538685,18.16430712,24.43420255,23.55288386,25.06596201,25.125802,26.60480149,25.96371973,26.0919531,26.15816153,22.24329461,21.75174799,20.25633228,17.35812069,19.33691212,18.60932022,20.75153244,20.18136242,21.01935924,19.67070432,21.75174799,18.16430712
Moldova,MDA,"Adjusted net savings, including particulate emission damage (% of GNI)",NY.ADJ.SVNG.GN.ZS,,,,,,,4.221424535,-2.206596131,-7.110326928,-13.36245597,-3.325724026,-4.481749662,2.728186725,4.312125668,2.809384665,10.33045257,10.70099869,10.41833134,14.46927598,15.07534246,9.187775939,13.37391986,11.94553512,14.10799414,16.06122212,14.24769027,8.344598125,8.481289631,6.985867741,4.589104365,13.37391986,-4.481749662
Madagascar,MDG,"Adjusted net savings, including particulate emission damage (% of GNI)",NY.ADJ.SVNG.GN.ZS,,28.25263461,21.86206157,28.36587327,28.39254549,21.16811945,-3.932592835,-0.131502964,-2.326059298,-2.367969862,-0.42797911,-0.636125402,6.476211232,-3.33181064,2.169464071,8.220224294,2.256990618,6.5475154,10.75924568,14.77265651,5.944172761,4.02756781,2.802433195,0.017220489,-5.801223908,-0.387510123,-2.41961879,1.769857384,1.993870712,4.941846978,4.02756781,-0.636125402
Maldives,MDV,"Adjusted net savings, including particulate emission damage (% of GNI)",NY.ADJ.SVNG.GN.ZS,,4.458437975,6.169490912,7.237259446,8.348882025,10.2845924,9.348315152,10.07022575,10.36088413,10.53530447,10.580526,10.69836819,10.37846769,11.10373913,11.91606532,13.1206206,13.42229718,14.98848619,15.49449803,14.97034986,14.61021248,15.63518746,14.38786488,14.19619519,13.41460631,13.92718623,14.32293297,13.89146715,13.76736514,14.78726314,15.63518746,10.69836819
Middle East & North Africa,MEA,"Adjusted net savings, including particulate emission damage (% of GNI)",NY.ADJ.SVNG.GN.ZS,,5.206961468,-2.128933947,8.450891463,7.533596292,7.36010013,8.730162837,8.729389318,8.982928874,7.950434997,10.32705915,11.60729494,,,,,20.26430416,21.91647756,,24.23132269,,,23.2046521,20.86848909,18.33328727,15.9477646,9.443443342,9.665510253,11.72341595,12.91028349,,11.60729494
Mexico,MEX,"Adjusted net savings, including particulate emission damage (% of GNI)",NY.ADJ.SVNG.GN.ZS,,3.728148696,4.530708766,3.522211919,8.478492878,9.738181195,8.392047615,9.996764421,12.41565131,10.94872836,10.08702335,9.022396147,8.770167666,7.423062506,5.616463751,7.49689878,5.706586382,7.655098067,7.799361975,6.636913225,6.882162132,7.793881929,6.442709534,5.809512506,2.966155288,5.857274351,7.145135968,6.812036691,7.232003145,6.604243933,7.793881929,9.022396147
North Macedonia,MKD,"Adjusted net savings, including particulate emission damage (% of GNI)",NY.ADJ.SVNG.GN.ZS,,,,,,,,-7.588227591,-12.77440424,-14.78210618,-11.28722195,2.90931456,-8.011775166,-7.666393059,-6.158111845,-7.557072476,-2.79900367,0.611623391,-6.782362841,-5.756160348,-0.189409609,1.861089891,5.864491473,6.692178631,8.543714247,10.91475961,11.54992275,14.4239528,14.51007044,14.64877764,1.861089891,2.90931456
Mali,MLI,"Adjusted net savings, including particulate emission damage (% of GNI)",NY.ADJ.SVNG.GN.ZS,,4.939721619,2.607826259,4.333516112,1.277925444,4.946864147,2.529799153,2.262667025,6.044534517,6.59750653,3.674358168,2.178397925,5.450260676,1.933382833,5.241968886,4.415803348,5.358074752,10.66766938,8.104306366,-0.86909377,1.165780964,-1.918471874,-0.945698827,-1.751077681,0.876123765,1.841715142,0.081069321,0.450143253,-1.071653921,2.482222535,-1.918471874,2.178397925
Mongolia,MNG,"Adjusted net savings, including particulate emission damage (% of GNI)",NY.ADJ.SVNG.GN.ZS,,0.640432712,13.12776776,19.7703979,23.1703914,19.6817507,21.11501173,18.35055482,18.69133758,14.09328991,16.77785136,-2.354315266,-1.597163008,-2.234202283,6.917313724,12.20070781,21.0007822,21.54665919,18.53952962,6.863160003,2.623993524,2.896990973,4.564485504,8.038454515,4.523223365,0.49949254,-0.006986102,-3.211586915,-13.09509739,-7.488356178,2.896990973,-2.354315266
Mauritania,MRT,"Adjusted net savings, including particulate emission damage (% of GNI)",NY.ADJ.SVNG.GN.ZS,,-1.231485464,9.350269216,7.101712482,-0.670388235,36.45032442,7.28543713,8.417457772,0.637891757,6.927634816,,,,,,,,,,,,,,14.80949421,14.70231017,2.158647027,4.485350426,12.00316008,12.9261561,14.76781587,,
Mauritius,MUS,"Adjusted net savings, including particulate emission damage (% of GNI)",NY.ADJ.SVNG.GN.ZS,,24.76514406,25.91695658,26.82298964,24.72672491,21.56860526,19.88941427,19.47645007,19.69545173,19.33745848,17.9030632,19.05997267,20.2673602,19.69059165,18.62150536,16.40925466,10.61320817,12.79695996,16.53577315,9.41323976,3.993248306,0.157802423,-2.249656765,1.347406946,2.604376478,1.18749753,1.098273465,1.94738684,3.857229495,3.045198878,0.157802423,19.05997267
Malawi,MWI,"Adjusted net savings, including particulate emission damage (% of GNI)",NY.ADJ.SVNG.GN.ZS,,-0.244632224,2.735827245,-11.97381939,-9.026341704,-18.37869352,-16.70124466,-8.58916129,-11.54195082,-5.938288033,-11.98302242,-6.9979767,-8.650342718,-8.39745108,-11.49196532,-10.16155747,-13.51227126,-10.57820934,1.855954423,-3.937621086,-1.081190385,-0.588656355,-5.554709892,-16.92953227,-5.159875595,-4.300094819,-9.919333464,-18.07627967,-10.3156277,-6.310138813,-0.588656355,-6.9979767
Malaysia,MYS,"Adjusted net savings, including particulate emission damage (% of GNI)",NY.ADJ.SVNG.GN.ZS,,12.18426052,15.41085906,18.3653519,20.72972127,20.74308973,18.23748301,20.34952912,19.46691087,17.19450686,16.83733278,15.45843244,12.1459175,13.20507011,15.78011563,16.12596356,16.80643831,17.69268583,18.54069755,18.24884938,13.05678823,14.54200247,16.01883142,12.75325085,11.95894064,10.15512844,8.197118315,8.030684917,7.294404586,2.807340125,14.54200247,15.45843244
North America,NAC,"Adjusted net savings, including particulate emission damage (% of GNI)",NY.ADJ.SVNG.GN.ZS,,6.571943567,6.510508753,6.602743886,5.904243888,7.349239184,7.626765107,8.424415869,9.821010111,9.869085324,9.421340848,9.126027741,7.931564082,6.845358799,6.169516047,6.279052413,6.284446368,7.403785416,5.661150476,2.821656461,1.272068938,3.428580192,4.644404394,6.306724093,6.545401017,7.511385281,7.381804413,5.922573796,5.976542834,5.667361598,3.428580192,9.126027741
Namibia,NAM,"Adjusted net savings, including particulate emission damage (% of GNI)",NY.ADJ.SVNG.GN.ZS,,27.91692586,20.41402893,24.22448585,22.50108121,26.28388209,25.82491705,23.56354084,21.48534724,22.26045054,18.44269184,22.21717172,16.57991777,20.16104296,19.10312123,24.34892101,24.90085447,29.65745835,21.68654665,21.69217671,11.78650373,12.86790212,7.564838349,11.3795132,10.5526198,12.96604132,5.185491073,-6.652319898,1.394340436,0.034906545,12.86790212,22.21717172
Niger,NER,"Adjusted net savings, including particulate emission damage (% of GNI)",NY.ADJ.SVNG.GN.ZS,,-9.19806561,-6.736005936,-8.453959072,-9.171101669,-6.965943656,-11.37871821,-7.011358809,-9.294738762,-6.171573483,-6.517765829,-5.610879308,-1.966425351,-3.433904715,-5.173586785,-4.838956796,4.114346519,4.49623187,1.916217224,6.198389007,0.469184875,9.727383749,6.29221956,8.571754695,7.555434832,8.396994488,6.25044251,3.320549668,4.929411473,7.249979536,9.727383749,-5.610879308
Nigeria,NGA,"Adjusted net savings, including particulate emission damage (% of GNI)",NY.ADJ.SVNG.GN.ZS,,38.95622841,40.89245714,31.40802395,19.87649491,20.50547258,22.0394119,17.71659362,22.67571665,19.64241179,31.2066601,30.66169596,17.11182862,15.60593419,11.88648906,12.40230241,17.81368948,32.67749605,10.49835509,15.07167504,11.43080708,8.017921385,5.007093721,14.44376074,2.029681601,6.512999165,2.056232696,-0.562448119,-0.076596187,0.050812441,8.017921385,30.66169596
Nicaragua,NIC,"Adjusted net savings, including particulate emission damage (% of GNI)",NY.ADJ.SVNG.GN.ZS,,,,,,-16.92757431,-8.200479338,-5.679320098,-1.078110867,3.297178074,4.739096848,1.652056943,0.292492635,-1.147485317,-0.20535029,3.483356075,5.654160421,6.45803957,7.864989158,8.333548305,6.628573941,6.131287822,9.152851779,10.36097986,9.790815391,11.73678358,15.47488127,14.61047247,15.48357656,14.9889225,6.131287822,1.652056943
Netherlands,NLD,"Adjusted net savings, including particulate emission damage (% of GNI)",NY.ADJ.SVNG.GN.ZS,,15.3219663,14.81120743,14.40271564,13.93808264,15.18677838,16.33937009,16.53617567,17.27005868,15.61300617,16.49697717,16.85459898,14.60726824,13.37190571,14.05653377,14.18832131,13.34016913,15.49343695,15.59346903,13.95350782,12.64519584,13.52002699,14.87895012,15.37854378,13.90496251,13.63276399,15.61264465,16.05085627,18.78999568,19.18606784,13.52002699,16.85459898
Norway,NOR,"Adjusted net savings, including particulate emission damage (% of GNI)",NY.ADJ.SVNG.GN.ZS,,8.156492218,9.86116846,8.871484866,9.97182674,11.3924692,13.17724702,13.51993825,16.48125913,15.92143694,15.24170894,17.42155842,19.5167955,16.57162626,15.71370412,18.01852631,22.23159149,23.29558247,23.42053388,23.59461033,18.39835822,19.31390635,19.9643984,22.16027157,22.00836902,21.91413057,19.34952506,17.3334317,17.45481348,18.20842087,19.31390635,17.42155842
Nepal,NPL,"Adjusted net savings, including particulate emission damage (% of GNI)",NY.ADJ.SVNG.GN.ZS,,5.034707858,6.541713955,10.16677291,12.41329723,10.46756701,16.47795216,17.33948633,15.97294553,15.91294905,15.21864601,16.52581144,13.82786753,20.14507415,20.84338558,23.25364838,25.66229425,23.72178824,24.46645064,30.38064786,31.56306315,30.35217266,32.16961837,33.10807778,36.21287332,38.46275411,36.72468427,29.55400001,35.81454724,36.69153876,30.35217266,16.52581144
New Zealand,NZL,"Adjusted net savings, including particulate emission damage (% of GNI)",NY.ADJ.SVNG.GN.ZS,,8.404150625,7.717113992,7.032761386,6.418841705,7.488873092,8.327041529,10.78130434,11.29265107,10.91117993,10.07340051,10.29810893,12.95693776,12.50785327,13.78172366,12.4814278,9.607364497,7.918104768,9.264640292,4.021985965,7.452615743,8.038237415,8.549340795,8.805371081,11.89276324,11.87294716,12.70330483,12.97631996,12.05406527,10.1264071,8.038237415,10.29810893
Oman,OMN,"Adjusted net savings, including particulate emission damage (% of GNI)",NY.ADJ.SVNG.GN.ZS,,-25.15292839,-20.65169988,-21.39589082,-25.77816952,-22.02337282,-23.91222792,-21.70396772,-17.74044895,-27.88509788,-22.15352451,-10.40687375,-8.903100102,-5.181157218,-5.377192543,-6.790525697,-2.784130717,-6.303794661,2.43535984,11.72271032,-7.37359852,-3.850692328,-12.2705191,-9.124988785,-10.38834128,-13.98771424,-14.85988212,-17.84671466,-15.50580877,-17.45040357,-3.850692328,-10.40687375
Other small states,OSS,"Adjusted net savings, including particulate emission damage (% of GNI)",NY.ADJ.SVNG.GN.ZS,,7.543501262,8.448462043,6.313347028,6.929080772,8.890570759,7.966732218,6.692981308,7.364552296,7.70536744,4.677973586,,10.05358871,11.95601368,11.60951972,9.673578698,9.10450005,,,,,,20.84162439,23.03738294,22.75963383,22.44745782,18.63516172,16.94158356,19.12093226,19.86520458,,
Pakistan,PAK,"Adjusted net savings, including particulate emission damage (% of GNI)",NY.ADJ.SVNG.GN.ZS,,6.950716463,9.611962671,7.401496576,4.906598778,6.652721919,6.522231232,3.622025314,1.629126685,4.761023829,2.019186015,3.785587173,3.587875175,4.289852021,7.876043767,7.604422358,4.452695644,1.779965305,2.448549721,-0.338680528,3.11959637,3.794248287,3.98889209,3.075313972,4.696226581,5.511730469,7.678119096,7.315252632,4.963537394,3.970766106,3.794248287,3.785587173
Panama,PAN,"Adjusted net savings, including particulate emission damage (% of GNI)",NY.ADJ.SVNG.GN.ZS,,13.28364361,8.445743879,15.74597694,17.675367,20.41362983,21.06394322,21.78434977,21.729807,17.88955437,15.38600886,18.94158123,15.69931636,14.19750759,14.77716121,11.68568823,13.32353293,15.52992835,23.40855804,26.03678955,25.41880662,20.81320122,25.57294272,28.32964133,29.12455079,25.97759066,28.86551501,27.1840461,28.77608865,25.79365164,20.81320122,18.94158123
Peru,PER,"Adjusted net savings, including particulate emission damage (% of GNI)",NY.ADJ.SVNG.GN.ZS,,,,6.390233329,7.220571539,11.45607471,10.62723244,9.962809954,11.64558425,11.26999374,10.98708273,9.281233209,8.746197502,9.298734205,9.657049253,10.07417679,11.37775012,10.73987412,11.7922542,11.9890085,10.85516111,12.27034984,12.81283781,11.73694052,12.16002226,11.23500481,9.58928837,8.120705499,7.127666434,6.592645322,12.27034984,9.281233209
Philippines,PHL,"Adjusted net savings, including particulate emission damage (% of GNI)",NY.ADJ.SVNG.GN.ZS,,10.07400971,9.371921284,8.811680302,7.306443738,9.671874984,9.475526595,10.5843894,12.56101634,18.65969123,24.87804962,23.44712952,23.82462291,24.31344925,24.30527911,22.1521766,23.3623188,22.75867277,20.56484933,21.6236012,23.06922175,24.22117624,21.22125962,21.42367609,22.76940546,23.18540141,22.73438268,22.89173569,23.30384381,20.97240771,24.22117624,23.44712952
Papua New Guinea,PNG,"Adjusted net savings, including particulate emission damage (% of GNI)",NY.ADJ.SVNG.GN.ZS,,-0.20938501,3.352387651,1.322732109,3.097928698,7.816906025,10.24642499,5.320703769,0.208774897,5.089975563,0.907396246,10.83309315,8.437434949,1.041529678,10.4130639,4.966547512,,,,,,,,,,,,,,,,10.83309315
Poland,POL,"Adjusted net savings, including particulate emission damage (% of GNI)",NY.ADJ.SVNG.GN.ZS,,,,,,,7.826996381,9.48746734,9.320004812,9.107345588,7.652758899,6.409028016,5.244223527,3.497005275,4.117934483,3.406727594,6.532048097,6.757623035,8.77438483,8.751981311,7.842065482,7.64108644,9.340606456,9.095911091,9.190227977,9.731642212,11.01298559,9.737527184,10.77657861,10.51606582,7.64108644,6.409028016
Portugal,PRT,"Adjusted net savings, including particulate emission damage (% of GNI)",NY.ADJ.SVNG.GN.ZS,,16.17565343,14.44542657,15.18444331,12.7967391,11.39856616,12.85270267,10.36290876,11.46912367,12.1198249,9.471593503,6.926771429,7.029997265,5.981039675,4.924646035,3.856691545,1.86647981,0.788564755,1.751856475,-1.146509866,-1.33733965,-1.797555162,0.11109924,-0.45339603,2.647917835,1.8105663,2.228915711,3.004470096,4.687715519,4.602585709,-1.797555162,6.926771429
Qatar,QAT,"Adjusted net savings, including particulate emission damage (% of GNI)",NY.ADJ.SVNG.GN.ZS,,8.621800082,7.970358329,7.244159615,6.47971122,7.605963803,8.474919289,10.94709832,11.47403518,11.0935719,10.30419685,10.15594925,9.211801062,8.492249001,8.371612957,8.881626481,8.834457705,9.563058189,9.220755253,7.078951716,4.782381075,6.389536441,33.21562003,34.85834469,33.6222711,32.26150288,24.84352684,23.12477643,26.9441467,29.27445592,6.389536441,10.15594925
Romania,ROU,"Adjusted net savings, including particulate emission damage (% of GNI)",NY.ADJ.SVNG.GN.ZS,,-10.75296351,-4.740745796,-6.874582688,-6.129060202,-5.675494171,-9.948639064,-13.21483764,-11.22285207,-11.54963915,-11.70422621,-7.280428934,-5.998787532,-5.859555636,-7.120642683,-4.879953772,-4.015698158,0.279684808,3.628137041,8.48876539,7.944150188,5.501810021,4.468771116,3.622269464,6.92317893,6.872389424,7.616123695,5.020429853,2.836090104,0.282489993,5.501810021,-7.280428934
Russian Federation,RUS,"Adjusted net savings, including particulate emission damage (% of GNI)",NY.ADJ.SVNG.GN.ZS,,,,,,-20.5980071,-23.91168429,-13.95739274,-14.76917778,-17.1180113,-3.569892095,5.421401984,3.932366121,1.62217144,2.499105577,7.371429482,8.59932751,10.57521255,13.71755931,12.27568856,2.389457242,8.950590871,11.54684823,10.23662412,7.59998806,7.441577718,8.988710341,7.157340497,7.729186786,8.234219954,8.950590871,5.421401984
South Asia,SAS,"Adjusted net savings, including particulate emission damage (% of GNI)",NY.ADJ.SVNG.GN.ZS,,9.482918241,9.562837766,10.48921813,10.43890548,12.65012168,13.04991185,12.75381607,13.14878949,13.42855163,13.52156144,13.17820198,13.06261238,14.45091626,16.82820199,19.1733566,19.60088904,20.78616385,21.70920617,19.24549842,20.59604579,21.92084645,20.31902963,20.79254907,20.14947087,19.70628767,19.38235498,18.48061206,18.45637777,17.00850184,21.92084645,13.17820198
Saudi Arabia,SAU,"Adjusted net savings, including particulate emission damage (% of GNI)",NY.ADJ.SVNG.GN.ZS,,-2.982524047,-7.826056083,1.674899139,0.616490235,0.447470701,3.999582495,3.463814637,5.537541943,3.693899018,12.56249755,13.17792606,12.49760999,15.06591436,17.68805225,22.50820076,28.64945066,28.50576919,30.22923784,31.90355466,21.73279674,28.52573245,32.15201354,30.19104911,25.84511053,20.66996876,8.591722012,11.21230928,15.08672956,17.16095487,28.52573245,13.17792606
Senegal,SEN,"Adjusted net savings, including particulate emission damage (% of GNI)",NY.ADJ.SVNG.GN.ZS,,0.703570275,0.762264329,0.650219061,-3.062395634,-0.388028006,1.181407517,-0.909499805,1.063586828,1.039059387,2.086615758,3.119272169,3.466671266,1.156879959,6.048902125,5.661164934,7.166814214,5.763881067,5.914076635,7.030978777,7.169027227,8.38456614,4.960086498,6.979158258,7.405982154,10.79896136,11.08295286,10.92812612,12.30132889,12.51160432,8.38456614,3.119272169
Singapore,SGP,"Adjusted net savings, including particulate emission damage (% of GNI)",NY.ADJ.SVNG.GN.ZS,,31.34351488,32.99477985,34.61849684,32.32447445,36.02519011,39.30006154,38.36070048,40.60402639,38.09399861,35.02948036,33.94336795,26.52637156,24.84669922,25.87279713,29.24052171,32.68271161,37.17196609,40.00765166,33.19109052,32.54116395,39.95360351,39.45229698,38.07289304,36.17633985,37.02622956,34.09868306,34.69270103,36.17878913,34.70268508,39.95360351,33.94336795
Solomon Islands,SLB,"Adjusted net savings, including particulate emission damage (% of GNI)",NY.ADJ.SVNG.GN.ZS,,,,,,,,,-41.02782426,-28.74830701,-16.7186547,-36.17385747,-47.81175994,-33.90132126,-0.494090436,-4.837136328,-21.91452849,-13.1687437,,,,,,,,,,,,,,-36.17385747
Sierra Leone,SLE,"Adjusted net savings, including particulate emission damage (% of GNI)",NY.ADJ.SVNG.GN.ZS,,-21.86709659,-13.52201481,-27.01075668,-17.61696579,-12.82560408,-26.94828903,-19.35139035,-26.12080748,-27.61507915,-18.78391358,-28.11098314,-14.38163395,-11.0657641,-14.15669618,-11.56037692,-7.674106531,-8.31463702,-4.154051421,-4.974917545,-7.71948322,6.596827284,-14.17999621,-6.717285372,-32.64988506,-2.106039448,-16.32836837,-34.98361738,-12.89908344,-20.32191459,6.596827284,-28.11098314
El Salvador,SLV,"Adjusted net savings, including particulate emission damage (% of GNI)",NY.ADJ.SVNG.GN.ZS,,8.544381197,9.077455611,14.27760916,16.07900595,18.48459978,15.86005591,10.96283095,11.63090153,15.32576043,12.74602123,11.56829619,13.92082474,10.80942636,9.588566071,9.55603068,10.62012185,10.47078278,5.686866596,3.435615926,3.3233774,4.449328588,3.518397463,3.507359233,1.346931089,2.528438015,2.697586495,3.65756891,4.813274693,5.117361161,4.449328588,11.56829619
Sub-Saharan Africa (excluding high income),SSA,"Adjusted net savings, including particulate emission damage (% of GNI)",NY.ADJ.SVNG.GN.ZS,,7.462361277,8.560178514,6.688083658,5.14244113,5.607305178,6.051427533,4.56095095,6.292974866,4.790441594,7.075823281,7.27410969,3.817177625,4.998614926,4.281316077,4.23971212,4.084426354,9.143101455,1.679004162,0.328267694,0.571602219,1.576316958,-0.275519309,2.141013918,-1.365407856,1.37476999,0.255966497,-1.142060914,-1.208606547,-1.461149362,1.576316958,7.27410969
Sub-Saharan Africa,SSF,"Adjusted net savings, including particulate emission damage (% of GNI)",NY.ADJ.SVNG.GN.ZS,,7.625448768,8.729579876,6.920801843,5.394598874,5.834759962,6.241166916,4.790433962,6.471916468,4.983964928,7.229687927,7.425061823,4.055797586,5.203007304,4.468106282,4.386342896,4.153084739,9.170152877,1.812368991,0.402339964,0.599293189,1.567985308,-0.293991737,2.132173285,-1.323052202,1.377315729,0.268170154,-1.110787194,-1.158496296,-1.418940695,1.567985308,7.425061823
Small states,SST,"Adjusted net savings, including particulate emission damage (% of GNI)",NY.ADJ.SVNG.GN.ZS,,8.489412364,8.880926527,7.625934796,9.375865532,9.94623727,9.799362163,9.027674053,9.220886655,9.485451646,7.656982934,,10.24259359,11.99615461,11.58071315,10.44493906,,,,,,,19.17690072,21.38123703,21.28204406,21.30285732,17.7590677,16.31400345,18.20779273,18.88144025,,
Slovak Republic,SVK,"Adjusted net savings, including particulate emission damage (% of GNI)",NY.ADJ.SVNG.GN.ZS,,,,,,,3.016031991,2.223045777,4.998834928,5.147241013,4.308311873,4.155794303,3.395382476,3.852975908,1.316655306,2.84111329,5.310836728,6.023261171,9.693166213,8.329249621,0.9693987,3.628349247,4.314032008,5.683410043,5.753327853,6.046047872,6.268322603,4.328198857,4.492910195,4.284038597,3.628349247,4.155794303
Slovenia,SVN,"Adjusted net savings, including particulate emission damage (% of GNI)",NY.ADJ.SVNG.GN.ZS,,,,,,,10.12863601,10.33966855,11.39823562,11.50291008,11.28273444,10.02685932,10.87976039,11.18882484,10.98450401,11.30317053,11.94352253,14.16587491,15.05117571,13.6692397,7.441646513,6.411342043,5.958036573,3.732591966,4.773951736,7.660197155,6.304515868,6.851530455,10.76345043,11.84893618,6.411342043,10.02685932
Sweden,SWE,"Adjusted net savings, including particulate emission damage (% of GNI)",NY.ADJ.SVNG.GN.ZS,,15.32029304,12.61165854,9.208136729,6.561377163,13.58806828,17.06955543,16.8607765,16.90824878,17.00960432,16.46513823,17.10353726,16.72584746,15.53601501,17.00561912,17.67644027,17.76172735,19.90752275,21.04287931,20.12472703,15.04821232,17.36773718,17.39864814,16.7349851,16.3864664,16.71571038,17.1334346,17.15047444,18.09075788,17.82814617,17.36773718,17.10353726
Eswatini,SWZ,"Adjusted net savings, including particulate emission damage (% of GNI)",NY.ADJ.SVNG.GN.ZS,,7.196425493,6.76990442,6.349267394,3.660326038,6.41774808,3.826388954,1.87111577,4.819905436,3.132484258,2.029630821,10.36464297,14.47728262,11.10147214,11.20023252,9.598872609,14.30214343,11.23276657,13.16382242,5.394741841,1.663625013,1.152588994,3.59279503,16.31360388,19.33993148,19.2109741,18.39767138,9.257231505,7.749112251,5.016559534,1.152588994,10.36464297
Togo,TGO,"Adjusted net savings, including particulate emission damage (% of GNI)",NY.ADJ.SVNG.GN.ZS,,11.12896551,3.998929241,0.57228996,-10.24765291,-0.637309889,0.447273008,-1.926465002,-7.500867772,-7.338798922,-5.100928257,2.558399284,1.187319364,5.000107186,4.441769396,7.051427832,1.765759258,4.195378743,-1.375632623,-5.177871193,-4.123532183,-4.330717845,-9.057063238,-18.1157047,-12.75985418,-8.528939928,-5.154450227,-4.122369965,-3.972214388,1.088776508,-4.330717845,2.558399284
Thailand,THA,"Adjusted net savings, including particulate emission damage (% of GNI)",NY.ADJ.SVNG.GN.ZS,,22.62832671,24.00032023,23.32276115,26.09808776,25.11651135,24.30960189,22.59923274,18.13409913,14.77109275,14.85941924,13.95625406,10.91327993,12.74783714,13.22859212,13.81853341,13.28608425,15.43014333,17.85501069,14.52675105,13.81380196,14.55996272,16.27543387,13.29973451,11.11785055,10.44297414,11.35569791,13.8942087,15.96815152,15.03830579,14.55996272,13.95625406
Tonga,TON,"Adjusted net savings, including particulate emission damage (% of GNI)",NY.ADJ.SVNG.GN.ZS,,21.7358851,5.440885923,17.25966788,17.53640816,8.555020229,,,,,,,12.01721604,12.3407691,9.04297776,9.762141019,6.24360029,9.173293663,5.826516206,3.710895942,2.600804,4.588640976,8.737732553,9.267914246,,,,,,,4.588640976,
Tunisia,TUN,"Adjusted net savings, including particulate emission damage (% of GNI)",NY.ADJ.SVNG.GN.ZS,,14.04267612,12.60795423,5.724764997,3.646222087,6.259469691,5.877271462,8.158258402,8.082540288,9.186001212,9.352256481,8.0220434,9.544963267,6.932286643,8.348670321,9.133140548,7.075986216,7.765227918,5.910204391,3.72590582,5.536435596,5.42148984,-1.06674373,-0.886798193,-2.174551603,-2.549820836,-5.277601821,-6.519352194,-7.108263174,-8.298462426,5.42148984,8.0220434
Turkey,TUR,"Adjusted net savings, including particulate emission damage (% of GNI)",NY.ADJ.SVNG.GN.ZS,,7.600304045,4.380933661,4.65848998,6.04553559,4.075306792,5.207872583,7.905314741,6.801230368,11.98731604,6.703012817,6.364644423,3.788268407,6.601339522,6.283338372,8.684734147,10.52547899,11.16733618,10.53321893,10.74264008,7.158102074,8.527413968,10.39507882,10.80486211,11.648132,12.3058288,12.46764034,10.30615458,11.86811229,12.14912914,8.527413968,6.364644423
Tanzania,TZA,"Adjusted net savings, including particulate emission damage (% of GNI)",NY.ADJ.SVNG.GN.ZS,,5.58379408,2.661779824,3.413037022,1.937421658,-8.312260425,-1.63622599,0.203905512,0.362716807,7.576167261,5.191213467,6.747219518,6.772528448,10.72387063,13.64072799,16.69953421,16.52200716,19.07229659,18.25156337,21.12358673,20.77937056,16.58759609,13.74597717,12.73023581,14.36793668,16.74876557,13.12895288,15.68171234,16.70478342,,16.58759609,6.747219518
Uganda,UGA,"Adjusted net savings, including particulate emission damage (% of GNI)",NY.ADJ.SVNG.GN.ZS,,-16.49368179,-18.43009906,-17.39105588,-7.953095294,-4.625932064,-9.175052657,-1.786277694,2.263219686,-2.958825187,0.226602328,-2.476867638,-2.495120571,-1.827075394,-7.427258419,2.080861232,3.196180812,-0.288532967,-4.639754584,-0.901610014,0.434565182,0.487675539,-4.055668872,-5.899304522,-3.278980298,-1.253845465,-11.08176276,-7.274284019,-7.245400109,-5.409186413,0.487675539,-2.476867638
Ukraine,UKR,"Adjusted net savings, including particulate emission damage (% of GNI)",NY.ADJ.SVNG.GN.ZS,,,,,,,-2.319872313,-5.520516098,,,-8.153636899,-5.918602443,-1.175006944,2.424295928,2.600245179,10.70204258,8.519449515,,11.6172084,,,,,,,-3.645551804,2.868705836,3.682869548,3.864461232,1.553257437,,-5.918602443
Upper middle income,UMC,"Adjusted net savings, including particulate emission damage (% of GNI)",NY.ADJ.SVNG.GN.ZS,,2.531932489,4.45736365,6.216471514,7.98059604,9.822613942,8.837554926,9.968389443,10.11991536,10.08233101,9.779477559,10.13930633,9.816905226,10.46045889,11.19105544,12.32536757,12.48082177,13.94162798,15.02030298,14.90263358,14.48749008,15.3594495,14.27937243,13.9230754,13.3457129,13.84416946,14.40135161,13.90333417,13.68988884,15.13645421,15.3594495,10.13930633
Uruguay,URY,"Adjusted net savings, including particulate emission damage (% of GNI)",NY.ADJ.SVNG.GN.ZS,,15.23091134,17.11635804,16.10993588,15.7941818,15.34197092,15.1180199,15.25206924,14.58471651,14.54706764,11.29812828,9.60729261,9.569555285,12.30840333,12.37709705,14.85341027,16.1992684,14.61908608,15.24699448,14.08289157,15.45928838,14.94623381,15.46346895,10.24131843,11.49014332,9.516229187,9.830137944,8.953429866,6.739943117,5.168043436,14.94623381,9.60729261
United States,USA,"Adjusted net savings, including particulate emission damage (% of GNI)",NY.ADJ.SVNG.GN.ZS,,6.593038063,6.727091898,6.905254518,6.050080135,7.387809626,7.548091762,8.401323848,9.835109368,10.01692955,9.430423687,8.974515911,7.832096224,6.691074281,5.926485364,5.907232603,5.825321749,7.005541563,5.087498526,2.051587431,0.960194813,3.07942374,4.224235304,6.086257999,6.298808789,7.341419795,7.519443712,5.998915458,5.921211398,5.638147958,3.07942374,8.974515911
"Venezuela, RB",VEN,"Adjusted net savings, including particulate emission damage (% of GNI)",NY.ADJ.SVNG.GN.ZS,,15.18750704,14.30385932,11.6037124,7.742465311,13.00916988,15.63446905,21.38109687,22.68596126,19.03618786,20.63480566,24.60829539,20.75361117,18.82588471,16.72710352,23.87289825,28.49155843,29.63469673,26.64000692,31.35398924,20.39817767,30.16615527,28.37520599,23.88905586,17.11127842,7.440880335,,,,,30.16615527,24.60829539
Vietnam,VNM,"Adjusted net savings, including particulate emission damage (% of GNI)",NY.ADJ.SVNG.GN.ZS,,,,,,,,9.537035615,10.90430718,13.99132644,16.88441174,24.16599034,24.74649133,26.31995726,24.97231158,25.05835082,17.79866421,18.24453022,18.38797711,14.38299838,8.895320332,20.3162096,17.79751473,20.42234417,20.20363691,18.9382404,15.8225433,16.25743695,13.1385084,13.53404558,20.3162096,24.16599034
Vanuatu,VUT,"Adjusted net savings, including particulate emission damage (% of GNI)",NY.ADJ.SVNG.GN.ZS,,17.96743883,14.54095448,7.553602264,15.75979188,6.771767056,10.82450989,-4.760846709,4.509498791,-5.053235568,-6.33095741,-0.021684375,1.887473914,6.264163397,6.062040867,10.00466984,12.41728701,19.00829209,18.06277122,28.80256664,19.8313413,13.19020451,13.82625656,12.38930822,18.51139881,25.30416124,,,,,13.19020451,-0.021684375
World,WLD,"Adjusted net savings, including particulate emission damage (% of GNI)",NY.ADJ.SVNG.GN.ZS,,7.870737294,7.522414872,7.402774663,7.018097512,8.36388701,8.888172631,10.85060246,11.32836952,11.0106785,10.41926094,10.36156635,9.489063432,9.024507226,9.074630642,9.746366036,9.929615823,10.91417345,10.94518815,9.442782978,7.644891287,9.429278332,9.749407416,10.03539737,10.0060494,10.60324438,10.82009865,10.3360898,10.68266521,10.87425004,9.429278332,10.36156635
South Africa,ZAF,"Adjusted net savings, including particulate emission damage (% of GNI)",NY.ADJ.SVNG.GN.ZS,,-1.84444586,0.155499671,2.246437911,2.828418776,1.874153736,4.201781771,2.121463636,2.534014954,1.366896305,1.376159305,0.815696676,-1.306053564,1.651048871,2.58586633,1.799463304,2.158105035,2.839377755,1.179590788,-2.637811854,1.310836143,2.593740049,2.376259572,0.58763428,-0.303611137,0.152217701,1.488582873,0.180089174,1.040868651,-0.553118052,2.593740049,0.815696676
Zimbabwe,ZWE,"Adjusted net savings, including particulate emission damage (% of GNI)",NY.ADJ.SVNG.GN.ZS,,16.54452087,20.3586719,20.8611406,45.83366231,51.49127763,,,,,,,,,,,,,,,-24.31074602,-19.48505262,-19.43639631,-30.65252158,-18.75291465,-16.98404409,-22.54907611,-14.52774689,-15.82461189,,-19.48505262,
