Country Name,Country Code,Indicator Name,Indicator Code,1990,1991,1992,1993,1994,1995,1996,1997,1998,1999,2000,2001,2002,2003,2004,2005,2006,2007,2008,2009,2010,2011,2012,2013,2014,2015,2016,2017,2018,2019,2020
Aruba,ABW,Gross savings (% of GDP),NY.GNS.ICTR.ZS,,,,,,30.94578301,24.84606073,24.31933717,27.07337286,20.64524079,23.73027422,19.32790224,12.01669065,14.46185738,17.09651542,-2.041702048,13.16330511,2.416150395,13.73219373,10.89649005,3.549894835,-1.698071867,1.888913379,4.965456162,9.543735879,14.29338054,15.190107,14.73689322,,,3.549894835
Angola,AGO,Gross savings (% of GDP),NY.GNS.ICTR.ZS,,,,,,,,,,,39.20787725,14.48022216,28.87681621,26.05546064,33.53599818,41.18765332,43.45458346,41.49897042,38.65885832,27.65786789,36.98734332,37.88854989,37.23299939,32.02988195,29.96672177,25.02132654,24.42924754,23.35194559,25.1731937,23.32241963,36.98734332
Albania,ALB,Gross savings (% of GDP),NY.GNS.ICTR.ZS,18.77775792,-10.95198896,-11.99358089,11.20820812,3.10983688,16.35751101,16.1361937,5.573432448,17.35954526,14.89343736,25.94104928,29.50456097,25.93866668,26.63900665,29.47267673,30.25591505,29.07798087,23.94817393,17.6516112,17.32852957,19.96305637,20.54371604,19.63082043,17.74112307,15.93724254,16.85711946,17.0533263,16.54664478,16.81177005,14.02051742,19.96305637
Arab World,ARB,Gross savings (% of GDP),NY.GNS.ICTR.ZS,,,,,,,,,,,,,,,,40.24117678,41.8846729,41.83545712,45.31491625,31.46203989,36.86423816,41.08053808,39.33639447,36.40985843,33.43218609,24.49886399,23.91216278,26.92255278,28.69639042,,36.86423816
Argentina,ARG,Gross savings (% of GDP),NY.GNS.ICTR.ZS,16.04337666,13.56185603,13.65162817,16.25052791,15.64836245,16.51163227,17.13007736,16.66428243,16.12973433,13.66191638,14.3684377,14.21407282,21.34317688,21.73453301,13.78283487,13.70860973,21.39021435,22.21114752,21.10145807,18.29532296,17.30528056,17.34843039,16.05516478,14.95436211,15.75200992,14.1426047,14.63811953,13.07625229,14.42411905,15.79636285,17.30528056
Armenia,ARM,Gross savings (% of GDP),NY.GNS.ICTR.ZS,,,,-5.439410992,2.568829582,-2.12991702,1.787589054,3.914112763,0.756174311,2.834055513,-0.927016863,5.411983631,10.24540583,16.34181182,19.7148351,24.30731709,28.54483369,28.60069226,27.90492035,14.04755692,13.20076363,11.09572312,14.0967332,14.83671889,13.28125739,18.43038559,17.81446519,16.91277114,15.47335372,10.24148941,13.20076363
Antigua and Barbuda,ATG,Gross savings (% of GDP),NY.GNS.ICTR.ZS,,,,25.21990076,20.71619771,24.20155775,15.8999924,18.97293856,21.21390989,21.04246759,20.44778594,13.35441632,11.98289509,11.89158628,13.18755311,10.22039537,11.03711142,8.076974961,11.32932518,24.26142485,13.56885826,10.4193677,7.16092291,7.227049697,25.29460993,26.64433822,22.41166523,17.51905357,19.21778586,,13.56885826
Australia,AUS,Gross savings (% of GDP),NY.GNS.ICTR.ZS,24.31693071,20.70851312,18.20891066,20.19822835,21.74443309,20.67586338,20.9526523,21.86742192,21.66734567,20.68424737,21.24190595,20.82553727,21.84569045,21.13598459,21.5897676,21.04054248,21.82758894,21.44643093,21.9927219,24.01129593,21.79667242,23.30083168,24.3083626,23.99113738,23.5936398,22.6402075,20.6651715,21.83025746,21.69009674,22.4658318,21.79667242
Austria,AUT,Gross savings (% of GDP),NY.GNS.ICTR.ZS,,,,,,,,,,,,,,,,26.05641378,26.7350904,28.18862456,28.69712265,24.83575575,25.82390233,26.09326413,25.77517514,25.48381808,25.98487076,25.65294431,27.11826579,26.3478339,26.87215379,28.47421897,25.82390233
Azerbaijan,AZE,Gross savings (% of GDP),NY.GNS.ICTR.ZS,,,,,,6.237149159,2.011517924,13.8125357,5.979977991,9.414616755,15.46237626,19.7657703,19.6539097,23.41747729,25.38812222,38.68582027,44.28018555,44.61015803,49.43982321,39.80410131,44.16514601,46.26604963,43.80780241,42.16728077,40.18196009,27.49888089,22.08130669,28.50077821,31.72467175,29.22482119,44.16514601
Burundi,BDI,Gross savings (% of GDP),NY.GNS.ICTR.ZS,8.70394136,11.68151404,5.143710486,12.11157647,5.417275125,6.017278401,3.737557297,6.040746122,0.665302857,2.418028682,1.32796785,1.489883647,4.200173987,6.755630908,6.587317715,15.3535761,8.009435489,7.336470748,-1.504462878,9.853377868,3.216160891,1.95368778,10.88161509,3.933888146,0.617073291,11.22352302,5.877363094,6.072690439,4.35572332,,3.216160891
Belgium,BEL,Gross savings (% of GDP),NY.GNS.ICTR.ZS,,,,,,,,,,,,,26.36375388,26.21979608,27.1911195,27.31620669,27.8466578,28.77786884,27.42074643,24.9976133,25.35030396,23.49924635,24.73166599,24.23369807,24.57515733,25.00809394,24.8158872,25.15664711,24.75995155,25.29884613,25.35030396
Benin,BEN,Gross savings (% of GDP),NY.GNS.ICTR.ZS,9.688373957,10.75654116,9.575206416,9.68531377,14.50610152,15.89711125,15.24389114,16.18785134,15.79857539,12.45760805,12.69175305,13.28281018,13.63108122,11.36918586,13.25958208,12.1919258,12.46813756,14.04954257,12.65190542,11.4615331,11.38726255,12.12564893,13.5331676,16.28315585,18.60217878,13.86203006,17.40228939,17.39915447,19.71714585,,11.38726255
Burkina Faso,BFA,Gross savings (% of GDP),NY.GNS.ICTR.ZS,,,,,,,,,,,,,,,,5.853700299,6.313850455,10.16890241,9.604477755,11.49202738,15.83870997,17.49559935,18.06330109,14.39043309,13.38918085,11.85934408,13.45074884,14.77021264,17.36235371,,15.83870997
Bangladesh,BGD,Gross savings (% of GDP),NY.GNS.ICTR.ZS,23.02441179,22.56040592,21.99400383,20.90120214,22.41716006,22.14615449,23.13879408,24.3974787,25.83405473,26.65995682,27.79745769,28.42229043,30.74917643,30.1645967,31.57740067,32.3626785,35.33850447,36.31743462,37.38253287,38.97611857,38.78147102,38.05723592,40.59589684,39.74593591,37.77929258,36.73376986,37.11618827,35.23343163,33.26894302,35.68421085,38.78147102
Bulgaria,BGR,Gross savings (% of GDP),NY.GNS.ICTR.ZS,14.65501668,17.3373913,12.82333665,6.215603881,8.509748858,25.56521944,9.956595411,21.35474561,25.19027591,16.11259886,13.48382868,15.72152785,17.98519358,16.80982157,16.97698667,16.7567848,14.94473111,9.699146654,14.87387962,19.62721246,21.66920753,22.76220687,22.48797653,24.10899257,23.56374476,22.4455372,24.10911775,25.31617227,24.15620023,26.05621424,21.66920753
Bahrain,BHR,Gross savings (% of GDP),NY.GNS.ICTR.ZS,36.17957746,15.53263813,12.03537841,11.51741403,16.56635482,18.63942928,18.60783265,16.96561257,8.850917176,7.355679706,25.73325113,18.23996125,22.82781745,25.54748531,24.10547562,35.96634878,42.20862228,48.08899844,43.72616375,28.58593099,30.27512906,26.8797597,36.53013387,33.34579856,31.40689418,23.59933328,24.94614429,28.8557475,29.89184409,,30.27512906
"Bahamas, The",BHS,Gross savings (% of GDP),NY.GNS.ICTR.ZS,19.03411244,14.518379,19.38887102,17.06241915,16.41485118,31.78619131,39.57787753,28.81958701,27.55245697,33.83285089,32.68491061,28.74391518,32.12153958,31.20227641,32.70077491,29.83435758,26.5970641,27.79379828,26.76282965,25.46533947,23.71975958,21.04410429,22.41024206,23.50826047,20.29980706,21.83618702,25.63077454,19.64448505,18.04044626,28.98136137,23.71975958
Bosnia and Herzegovina,BIH,Gross savings (% of GDP),NY.GNS.ICTR.ZS,,,,,,,,,,,,,,,11.17025789,6.136886386,8.589153419,12.51815763,10.77879867,8.707342775,7.669156832,6.940549568,5.457551172,7.395844954,8.204877488,9.60575812,11.32148246,13.6889969,15.87077786,16.6310892,7.669156832
Belarus,BLR,Gross savings (% of GDP),NY.GNS.ICTR.ZS,,,,25.59980711,19.65969381,20.42151644,19.85044751,22.57301137,22.30639936,22.36221114,24.3771902,21.67191321,20.49151972,22.81580947,26.97526394,27.61415032,29.59914277,29.21934518,31.00451172,26.63807587,26.93860727,31.5890947,31.18768894,28.3406322,27.3490219,28.7228867,26.4781656,27.96898245,29.1994447,27.75013815,26.93860727
Belize,BLZ,Gross savings (% of GDP),NY.GNS.ICTR.ZS,51.26664178,47.57384269,18.09699423,18.84380555,14.08379453,15.55514687,11.99228917,11.22004278,8.718157942,8.792195404,13.59991633,5.202019996,3.763802019,2.153570351,3.517622242,6.898818173,14.83252305,12.31484909,14.45575038,11.62581815,10.07086444,12.76012498,11.94990641,10.64567383,11.20066744,13.06032375,9.659101666,10.80089668,8.533471595,10.09434052,10.07086444
Bermuda,BMU,Gross savings (% of GDP),NY.GNS.ICTR.ZS,,,,,,,,,,,,,,,,,,,,,38.49410768,36.95064272,39.40631633,40.04899793,39.63328329,39.94720496,39.31975329,40.48283833,40.42917293,,38.49410768
Bolivia,BOL,Gross savings (% of GDP),NY.GNS.ICTR.ZS,9.54598917,8.884355154,8.480538254,7.798764903,10.19955065,11.16875603,12.06920506,12.58216672,12.82213844,10.65746426,11.01505751,11.25621983,12.29706722,14.4857439,17.04664566,19.88251206,26.58222909,28.63604221,28.98325917,22.89988728,24.84916537,26.31744447,25.69405645,23.89093964,20.78947782,14.21692539,15.42005142,16.05702892,16.12778626,14.20259103,24.84916537
Brazil,BRA,Gross savings (% of GDP),NY.GNS.ICTR.ZS,18.91773198,18.54228179,20.07776475,20.18526529,19.66353427,14.3484425,12.68491938,12.16975373,11.53218877,10.5951524,13.9917129,13.59491698,15.40753681,16.41786255,18.8597598,18.1140694,18.40980115,19.34636623,19.22685147,16.38036208,17.80242197,18.60124621,17.6780993,18.15171637,16.13440865,14.529348,13.42173608,13.58161607,12.38200692,12.19270051,17.80242197
Barbados,BRB,Gross savings (% of GDP),NY.GNS.ICTR.ZS,15.28487371,13.74598385,14.51314627,13.20867329,15.14479509,9.073412725,10.60444272,9.784454214,12.42601256,11.26994913,10.65194681,8.493278687,9.521740625,11.84679903,8.124926456,3.832296414,10.09995082,11.04186558,4.256498905,8.338625499,3.529927931,-1.417703645,3.511118129,2.232993781,3.016605833,5.338419246,5.355404123,,,,3.529927931
Brunei Darussalam,BRN,Gross savings (% of GDP),NY.GNS.ICTR.ZS,,,,,,,,,,,,42.50732308,45.70216336,47.13399119,46.89047172,55.18984482,58.59415931,54.21166375,62.62901074,48.69263453,60.15035,63.78319692,62.90462043,60.27899601,59.71220969,57.11833733,56.41246576,55.33645511,53.20485414,53.55344169,60.15035
Bhutan,BTN,Gross savings (% of GDP),NY.GNS.ICTR.ZS,,,,,,,,,,,,,,,,,51.82630377,26.88754204,34.62443208,30.80511892,34.60595311,40.59769141,48.74153372,24.90236445,27.71248947,19.08903588,28.91056047,27.86090407,21.7281252,19.22352698,34.60595311
Botswana,BWA,Gross savings (% of GDP),NY.GNS.ICTR.ZS,41.64785275,44.99647218,41.39848739,43.73922933,29.32229365,29.00825105,36.91323183,37.49155754,40.5270421,39.69103597,39.4414355,43.39316497,31.4345708,35.67832079,34.27037447,40.43670771,44.40701357,46.18323926,39.61423177,34.2262318,35.45035952,40.96965508,41.13397638,36.66480855,40.74492655,35.79445114,33.80420053,34.01941301,32.47617545,,35.45035952
Central African Republic,CAF,Gross savings (% of GDP),NY.GNS.ICTR.ZS,10.87964089,9.541179513,9.840439153,12.52460864,15.09212915,,,,,,,,,,,,,,,,,,,,,,,,,,
Canada,CAN,Gross savings (% of GDP),NY.GNS.ICTR.ZS,17.82406242,15.19677807,14.10436831,14.93238077,17.0360145,19.01012577,19.52540072,20.26365427,19.8426533,21.16853359,23.85399308,22.71547206,21.80208732,22.02143843,23.74128734,24.53018112,24.68932047,24.46834179,24.30780328,18.56691125,19.35800747,20.90585104,20.9179917,21.59736932,22.1482815,19.56931199,19.14647076,19.9574677,19.67106317,19.89560352,19.35800747
Central Europe and the Baltics,CEB,Gross savings (% of GDP),NY.GNS.ICTR.ZS,,,,,,21.80299895,20.78314659,21.01331307,21.26727993,19.80884714,20.19950803,20.10837684,19.35184548,18.54254098,18.08248426,19.18591342,19.78168061,20.04984972,20.61268676,19.41119201,19.34410816,20.09749547,20.05846076,21.22082281,21.80576642,22.75039419,22.12710504,22.44676786,22.31186389,22.53860309,19.34410816
Switzerland,CHE,Gross savings (% of GDP),NY.GNS.ICTR.ZS,34.39515521,32.52449782,30.41377128,31.05604126,30.98304609,31.34250453,30.64505678,32.28418981,33.05431262,33.21688063,36.45340254,33.11490093,31.27969493,35.2769715,35.66928552,37.60778804,39.65773082,34.89169369,27.70860511,34.13291413,38.97324167,35.09281695,35.70494561,34.88403021,32.69316884,35.06110074,33.38098842,30.63955677,33.83469792,35.32536578,38.97324167
Channel Islands,CHI,Gross savings (% of GDP),NY.GNS.ICTR.ZS,,,,,,,,,,,,,,,,,,,,,,,,,,,,,,,
Chile,CHL,Gross savings (% of GDP),NY.GNS.ICTR.ZS,23.66556171,22.66724943,21.81696142,21.24679243,21.51965573,24.23507466,23.81240407,23.31163177,21.98162096,21.05367208,21.06662334,21.31400634,21.50541752,20.75969614,22.53114376,23.33883075,25.37713882,25.22465667,22.72512416,22.88643139,24.52747491,23.04765884,22.47476523,20.78576927,21.17117614,21.29965344,20.21247704,18.87867451,18.57304266,18.87340558,24.52747491
China,CHN,Gross savings (% of GDP),NY.GNS.ICTR.ZS,36.69418976,38.50116973,40.60555263,41.70723462,41.69672659,39.53008296,38.75912493,39.74224109,38.34709208,36.55791491,35.73954699,37.26929982,38.88322548,42.41349965,45.67236719,45.95478215,48.26050056,50.27522182,51.78759347,50.37304063,51.32671664,49.23333021,48.6653632,47.37839092,47.61581834,45.51695999,44.47634778,44.95738786,44.38606648,44.17780032,51.32671664
Cote d'Ivoire,CIV,Gross savings (% of GDP),NY.GNS.ICTR.ZS,,,,,,,,,,,,,,,,11.01508256,10.61587179,9.583601919,13.94785907,15.36975659,15.31129991,13.47160672,15.11027112,17.72773009,21.23925956,22.52951586,20.30702728,17.44168053,15.67020865,,15.31129991
Cameroon,CMR,Gross savings (% of GDP),NY.GNS.ICTR.ZS,16.16496555,15.43740769,11.07766267,13.30481807,16.91325659,18.32691385,15.98443263,15.89529718,18.39845399,17.05469868,16.14624407,14.42988262,14.21833997,15.12211517,19.54241945,18.78148446,20.59410554,19.87078112,20.95558911,19.33419116,17.97468985,18.91634389,17.99543084,17.60713781,19.06655666,16.65843241,17.23526238,18.23068843,17.67109122,,17.97468985
"Congo, Dem. Rep.",COD,Gross savings (% of GDP),NY.GNS.ICTR.ZS,,,,,,,,,,,,,,,,7.362421648,11.82503263,13.0705812,3.453186569,8.543635858,19.94035814,19.16813834,8.158000689,12.53924972,15.39313479,13.34757249,10.85437248,21.64994523,18.26849557,21.34368309,19.94035814
"Congo, Rep.",COG,Gross savings (% of GDP),NY.GNS.ICTR.ZS,31.77735958,17.57838975,32.33210208,21.08028559,28.80795333,-2.301749771,-0.20924836,9.274813016,6.024347441,17.68209575,36.17262976,22.02571153,23.54979168,30.74269885,17.04587532,33.12337568,35.58262394,33.36949925,43.54194251,40.22216482,54.05028859,50.10210592,57.50143783,57.85076764,57.06845838,39.15172732,23.46271077,,,,54.05028859
Colombia,COL,Gross savings (% of GDP),NY.GNS.ICTR.ZS,20.88099902,22.96913897,19.08409142,17.90335645,19.10144714,18.50698196,15.1092759,13.49824714,12.87381147,13.54144932,13.57477576,12.83436426,13.92498479,15.39662792,16.82866036,18.46602276,19.04378993,18.68823557,19.56905617,18.5697118,18.27192761,19.30995523,18.38687333,18.13833041,18.02673715,17.14903118,17.40165768,16.89942566,16.31191826,15.734411,18.27192761
Comoros,COM,Gross savings (% of GDP),NY.GNS.ICTR.ZS,10.20689139,9.489898492,10.65865057,12.35203379,13.80934398,9.637520533,,,,,,,,4.425298097,6.840509666,8.559629262,10.45837437,12.79261483,11.80704942,13.87334782,13.84310958,10.80097442,12.03099931,,9.559135314,13.35659827,8.195824141,11.46216377,12.7982707,,13.84310958
Cabo Verde,CPV,Gross savings (% of GDP),NY.GNS.ICTR.ZS,,,,,,,,,,,,,,,,,,37.417891,37.31334808,33.42820085,34.59533037,34.02042653,28.3106355,28.62868743,25.92430204,28.15598428,32.80459613,30.54509239,34.36355546,35.0388339,34.59533037
Costa Rica,CRI,Gross savings (% of GDP),NY.GNS.ICTR.ZS,19.35723104,13.41626598,14.82342646,13.29700249,15.44084166,16.07271679,14.28140371,15.91800037,17.55797798,15.73301571,15.7992266,16.58591241,14.37359807,13.43575568,14.92408993,14.24567104,16.55712625,17.2629016,15.43727857,15.74293746,15.64045859,13.56630885,14.36683945,13.08250063,12.91633952,13.98996786,15.19199382,14.915073,15.22768564,14.21580488,15.64045859
Cyprus,CYP,Gross savings (% of GDP),NY.GNS.ICTR.ZS,23.09605607,17.15716658,18.55622738,24.77692755,25.95735121,21.18505397,19.38127558,17.59907492,25.02442158,17.82769907,16.19967719,15.84576568,17.49526125,18.11422145,17.29051255,17.21594017,17.15452439,13.16197067,14.19256218,16.18284778,13.26787657,16.61652451,12.33316472,11.45863289,9.48732802,13.23105533,13.23700152,14.81956918,14.58355612,13.59477339,13.26787657
Czech Republic,CZE,Gross savings (% of GDP),NY.GNS.ICTR.ZS,,,,29.46911257,29.9482488,31.27619455,30.35520048,27.92271268,29.92665668,28.39388703,28.74024548,28.698228,26.80384304,25.36209393,25.91548467,26.78176141,26.3663607,27.82950063,27.10744693,23.28320597,22.65664329,22.46063745,24.02350515,24.11068079,25.31045338,27.09377506,26.3493691,27.27576794,26.77998454,26.21744458,22.65664329
Germany,DEU,Gross savings (% of GDP),NY.GNS.ICTR.ZS,24.40255624,23.71694179,23.50981697,22.51315684,22.74805721,23.03807291,22.52154103,22.78568067,23.22600137,22.5629766,22.66537153,22.53948381,22.63326809,21.79330683,24.3185149,24.13044535,26.33729946,28.26574014,27.14330647,24.39118781,25.77484873,27.82090766,26.80034456,26.58194611,27.58365403,28.45686826,28.48527614,28.40397148,28.71214676,28.52241787,25.77484873
Denmark,DNK,Gross savings (% of GDP),NY.GNS.ICTR.ZS,22.65146491,21.64724803,22.1473256,22.01487841,21.67027049,22.83970402,22.93432666,23.84100323,23.47005794,24.297128,24.94958185,25.92989417,25.25839456,25.20028693,25.80866871,26.40806444,27.64618503,26.74065401,26.88832744,22.56653567,24.62749403,25.71520566,25.741771,27.45207095,29.00361173,28.87395985,29.54503371,29.16577812,29.6653525,31.54089473,24.62749403
Dominican Republic,DOM,Gross savings (% of GDP),NY.GNS.ICTR.ZS,16.16219704,13.98486917,11.93515997,16.03990212,18.30797096,17.96048036,19.61307062,21.0934202,25.83094553,24.71301152,23.13009578,23.69709244,23.79838423,23.63248294,24.76589374,21.99890808,23.02034208,22.69907988,20.11220653,18.16965988,18.52135403,17.13023343,17.56131538,18.24983044,19.58572341,21.34618314,21.58771662,22.00691077,23.47910967,23.84180478,18.52135403
Algeria,DZA,Gross savings (% of GDP),NY.GNS.ICTR.ZS,23.9777176,32.25932567,,,,,,,,,,,,,,51.86083521,54.47781623,56.83676423,57.47488166,47.27314242,49.86414123,48.49163591,47.19318421,45.37907982,43.353529,36.40710851,37.38036417,38.77926148,,,49.86414123
East Asia & Pacific (excluding high income),EAP,Gross savings (% of GDP),NY.GNS.ICTR.ZS,34.4262977,35.85810334,37.68229817,39.22512005,39.3873658,37.41469731,36.57375926,37.42605728,36.15633602,34.16803608,34.63428252,35.72700656,36.71010601,39.35995828,42.01027264,42.52865467,44.66784762,46.264175,47.40174679,45.99139669,47.41765277,45.87686872,45.01367837,43.80705857,43.94039522,42.06795805,41.30085386,41.83656938,41.37274942,41.64887357,47.41765277
Early-demographic dividend,EAR,Gross savings (% of GDP),NY.GNS.ICTR.ZS,20.58272054,19.4053782,19.65582367,21.47185539,22.15063639,23.15280311,23.89327022,23.95556419,22.89572781,22.74395905,24.52784627,23.27683811,24.10841494,24.84015926,26.41981358,28.55978838,30.37530659,30.29871583,30.43797241,27.23531351,28.95887135,29.21527004,28.29063916,27.05272386,26.31788518,25.51240921,25.300421,25.98075767,26.25702875,25.77893761,28.95887135
East Asia & Pacific,EAS,Gross savings (% of GDP),NY.GNS.ICTR.ZS,,,,,,,34.11200117,34.56507385,33.72384675,31.91049908,32.06275382,31.85640074,31.89818314,33.33885341,35.00186043,35.19658614,36.39742992,37.40997885,37.30452016,35.55810428,36.67245553,35.64109957,35.01276681,34.56864395,34.85279518,34.7816787,34.43597781,35.07313856,34.63333386,,36.67245553
Europe & Central Asia (excluding high income),ECA,Gross savings (% of GDP),NY.GNS.ICTR.ZS,,,,,25.36519361,23.98617811,23.64682349,20.58935968,20.53277076,24.44496126,29.26090108,27.72524746,26.31007464,25.5631605,27.3188561,27.82578252,28.29783899,27.95544459,27.44500967,21.42084296,24.48259501,26.26083057,25.22098391,23.55145769,24.1009807,25.21984218,24.34563023,25.25294881,28.11675549,26.098865,24.48259501
Europe & Central Asia,ECS,Gross savings (% of GDP),NY.GNS.ICTR.ZS,22.68767729,21.71115942,20.84321696,20.51699749,21.78278992,22.2479513,22.10114137,22.21875369,22.49624226,22.79491043,23.70557156,23.34907825,22.86577559,22.56442571,23.25291189,23.49005134,24.17441012,24.41271164,23.25919832,20.79516578,21.82881571,22.60644109,22.13837752,21.95163187,22.45517909,23.14322933,23.09061604,23.69997901,24.31282033,24.21272638,21.82881571
Ecuador,ECU,Gross savings (% of GDP),NY.GNS.ICTR.ZS,17.76415116,18.26716437,21.57444729,14.78189876,15.34660032,14.51228953,16.76108116,16.91823672,14.94017652,22.07335839,26.76513796,19.71063562,18.70787186,18.39881862,19.1622199,22.81042437,26.14311269,26.79439801,29.55952126,26.35347983,25.60006307,27.74331829,27.74001747,27.20451725,27.26580982,24.37828941,25.9882102,25.82028672,25.20464131,24.72535089,25.60006307
"Egypt, Arab Rep.",EGY,Gross savings (% of GDP),NY.GNS.ICTR.ZS,31.68412035,34.92790116,35.47563055,31.62502784,23.92662811,22.24344196,18.75182982,17.73693983,18.95935978,18.89514421,17.58387342,18.61067103,18.4079876,18.64809581,21.11221925,21.84229211,22.97673628,23.5552982,23.62350084,16.83984206,17.95038894,16.86871826,12.87821102,13.68322162,11.8849608,9.593464708,9.710041522,10.35531343,13.8945011,14.60588257,17.95038894
Euro area,EMU,Gross savings (% of GDP),NY.GNS.ICTR.ZS,23.52362623,22.70817643,21.96815217,21.49434165,21.67362141,22.77513977,22.52748038,23.10796346,23.35613311,23.24743215,23.11853828,23.00687845,22.90653892,22.43653243,23.31141836,23.12287934,23.88763852,24.53081534,23.29093902,21.1659496,21.58146472,22.35802908,22.12183818,22.27367381,22.76994949,23.49707656,23.89925175,24.41178362,24.70376288,24.87202123,21.58146472
Eritrea,ERI,Gross savings (% of GDP),NY.GNS.ICTR.ZS,,,68.47543365,41.2689035,54.39376713,19.10630212,18.91164644,35.10262682,6.293141835,17.31680317,15.82071947,,,,,,,,,,,,,,,,,,,,
Spain,ESP,Gross savings (% of GDP),NY.GNS.ICTR.ZS,21.80507657,21.19783043,19.34372803,19.18890926,18.70503073,21.31424747,20.99962855,22.06868856,22.70105023,22.2882874,22.32755807,22.08103575,22.96132693,23.6272107,22.8063239,22.12266408,21.71465937,21.01232479,19.55488817,19.21908927,18.64216777,17.85387966,18.51713583,19.2594697,19.58506007,21.01757668,21.93069452,22.17960843,22.3713123,22.91076676,18.64216777
Estonia,EST,Gross savings (% of GDP),NY.GNS.ICTR.ZS,,,,,,,,,,,23.60814558,22.96689038,21.91064449,21.91033055,22.28420865,24.34842937,24.68621056,24.3744371,23.41379623,23.63553454,23.27446083,26.75679053,27.25393718,27.32045439,27.60686702,26.55963585,26.10681319,28.20386755,28.44971645,29.05284998,23.27446083
European Union,EUU,Gross savings (% of GDP),NY.GNS.ICTR.ZS,23.44676742,22.61742601,21.79069984,21.30086425,21.63284242,22.71007245,22.41448935,22.94359291,23.21706443,23.07455593,23.03514064,22.96698241,22.76593507,22.35258212,23.07759861,23.02415929,23.86926333,24.46279258,23.43032851,21.25840868,21.71311077,22.46746218,22.207232,22.44867635,22.96065553,23.68993609,23.99989734,24.49596491,24.7417687,24.99393778,21.71311077
Fragile and conflict affected situations,FCS,Gross savings (% of GDP),NY.GNS.ICTR.ZS,,,,,,,,,,,,,25.78252625,26.54121347,29.58479603,34.22873201,38.44051801,32.79000459,35.44612164,21.73818878,28.46786745,29.5279305,28.25468332,20.65021475,17.85974371,,,,,,28.46786745
Finland,FIN,Gross savings (% of GDP),NY.GNS.ICTR.ZS,26.67970308,19.39626967,16.97430726,17.67231204,20.64373607,23.77861016,23.29075139,26.42589359,27.6654327,29.16955902,31.26441914,31.96251421,30.89856362,28.01470359,29.5939181,28.6029965,28.75927022,30.01240469,28.26542481,23.85560322,23.8843481,22.89779976,21.48017987,20.52545804,20.76339672,20.89030349,21.30801856,22.954019,23.48731494,24.07598874,23.8843481
Fiji,FJI,Gross savings (% of GDP),NY.GNS.ICTR.ZS,5.989344003,7.475074727,10.52217573,14.32347016,15.7549351,17.92117742,24.60508701,23.81663214,27.12882373,32.35299945,32.99432468,32.03066073,36.98293707,37.42338628,39.2370768,14.03424382,6.975436475,13.16285436,8.427793894,13.42744325,14.34362737,15.80320598,15.82986431,17.95799954,22.44475828,22.56896179,19.69623706,18.90017888,18.99946836,,14.34362737
France,FRA,Gross savings (% of GDP),NY.GNS.ICTR.ZS,23.32729934,22.96077059,22.37867511,21.23720599,21.35331179,21.87521998,21.76257635,22.798806,23.85633166,24.49345362,23.83472322,23.93909087,22.74478564,22.23458993,22.54924507,22.46340311,23.30633524,23.74657123,23.43398245,20.96452145,21.08428159,22.11296364,21.45583185,21.3891768,21.48595332,22.25404443,22.00463988,22.75294457,23.05911589,23.39519988,21.08428159
Faroe Islands,FRO,Gross savings (% of GDP),NY.GNS.ICTR.ZS,,,,,,,,,41.22290459,38.23510271,39.53172365,38.94434938,33.26782556,27.91564954,26.86133306,21.17166498,26.87579842,27.73435092,19.65931972,14.43287092,23.03584449,26.12698595,,,,,,,,,23.03584449
Gabon,GAB,Gross savings (% of GDP),NY.GNS.ICTR.ZS,24.25212884,28.78044961,19.32582355,17.46450265,29.14043229,32.68248843,35.55973138,41.44728537,25.24562426,32.3114771,41.65401027,33.84013863,34.74738255,32.72843212,32.12160583,44.62805462,,40.06153539,44.39140019,34.47758079,41.15857215,43.76117987,43.89029718,40.3059125,42.38661756,38.37799673,,,,,41.15857215
United Kingdom,GBR,Gross savings (% of GDP),NY.GNS.ICTR.ZS,15.73494342,15.04245676,14.02012447,13.86678827,16.0163824,14.96859596,15.27129094,16.00898826,17.18219233,15.71825121,16.21229751,16.20965394,16.08847953,16.00151745,15.11092404,15.64993778,15.12489517,14.98670521,13.47318902,11.67957344,13.16795855,13.9187103,12.37633769,11.43854301,12.44949175,12.63073841,12.12374595,13.86084141,13.43625243,13.32963066,13.16795855
Georgia,GEO,Gross savings (% of GDP),NY.GNS.ICTR.ZS,,,,,,,,-2.973655843,15.83173471,20.44804121,10.34174613,18.60334235,19.07477935,16.35362313,20.95744793,19.05738552,11.58856312,11.01225151,2.934142973,0.657074046,10.7312892,10.0080709,14.45744352,15.43224035,15.28187253,14.47205091,17.69742034,19.24427674,21.34382763,22.03299074,10.7312892
Ghana,GHA,Gross savings (% of GDP),NY.GNS.ICTR.ZS,10.53332342,11.86903225,6.935061321,12.84022882,19.08016907,17.6246604,18.09331317,10.4110264,18.03307586,9.361896617,15.2654209,21.09260967,18.75403504,21.15696563,22.87179036,19.20714449,17.78991023,6.743614399,4.34115707,11.03639073,4.87094658,3.88165352,5.267624577,17.4658733,17.74495609,19.50933921,17.46687299,22.43542279,20.94937864,,4.87094658
Guinea,GIN,Gross savings (% of GDP),NY.GNS.ICTR.ZS,19.20983641,19.54426691,19.75615914,23.57029051,21.8700437,20.66540753,15.99565846,17.85797687,13.60948254,15.43797768,16.10914496,15.13439978,12.49704577,19.18547527,12.62725098,9.362357664,1.370038969,-3.683535252,4.270177718,-5.479269678,6.584895627,3.392748589,5.759062827,-7.779289239,-3.612141722,-7.384262066,-1.21942556,11.42341602,2.721509495,4.284529419,6.584895627
"Gambia, The",GMB,Gross savings (% of GDP),NY.GNS.ICTR.ZS,21.85367645,8.751021405,11.70372951,-0.158190305,-2.339197832,9.45312421,-3.31157012,7.538924576,,,,,,9.793368944,6.049973128,3.581791113,11.74691609,9.251750959,0.321292955,5.30785923,-0.353201728,6.286634203,15.72186071,5.587755603,11.40975745,16.61003368,21.67155985,17.6988405,15.69166319,,-0.353201728
Guinea-Bissau,GNB,Gross savings (% of GDP),NY.GNS.ICTR.ZS,14.47664337,3.915716591,7.46895519,7.406867308,7.451111639,9.6726506,6.570223473,14.44203163,,,,0.919586957,5.78741235,6.451029652,7.871924804,2.690953691,4.055295554,9.011688797,9.564887738,4.993121105,-2.893117169,10.86074999,2.177832634,1.054389524,12.00461718,10.08902971,7.747049236,8.409704301,8.819798342,,-2.893117169
Greece,GRC,Gross savings (% of GDP),NY.GNS.ICTR.ZS,,,,,,,,,,,,,,,,,15.36090768,12.73697433,10.10531188,5.927293118,4.589122121,3.080975247,7.207071885,9.200764713,9.233941333,9.228216854,8.640143686,8.92671964,8.840549305,9.88600945,4.589122121
Guatemala,GTM,Gross savings (% of GDP),NY.GNS.ICTR.ZS,10.19731534,12.34830326,11.48469934,11.02080072,10.80423214,11.14982814,9.780747141,10.11337949,12.00428006,11.78960189,12.47924543,11.40770073,15.09962643,15.67043461,17.03330394,15.15728594,15.73726485,15.82235404,13.03344654,14.20350122,13.06120814,12.580954,12.95303625,11.59968544,11.77096847,13.57516972,14.82388641,14.7329677,14.68305561,16.91219863,13.06120814
Guyana,GUY,Gross savings (% of GDP),NY.GNS.ICTR.ZS,,,12.93628664,17.34847524,10.35802274,18.4848816,24.18554314,17.60566509,15.24667679,12.69077144,9.592453449,6.715414553,6.677187403,11.17809755,19.28980192,17.47544731,,,,,,,,,,,,,,,
High income,HIC,Gross savings (% of GDP),NY.GNS.ICTR.ZS,21.40764404,19.84683515,19.86525284,19.52443204,20.2745646,21.14790386,22.82549874,23.54197057,23.69433944,23.30667417,23.62372854,22.78263457,22.01824613,21.76874738,22.43304396,22.82332776,23.59690207,23.21437826,21.70900337,19.61375527,20.74265348,21.49824129,22.01664523,22.17867419,22.77999679,22.93698334,22.41505703,22.85504117,22.94713297,22.3005663,20.74265348
"Hong Kong SAR, China",HKG,Gross savings (% of GDP),NY.GNS.ICTR.ZS,,,,,,,,,30.70300645,31.41611716,31.97804771,31.62558863,31.07340512,33.16579897,32.30578997,32.94089354,34.97761553,34.41674635,36.02296178,31.7309269,30.8918616,29.70110514,26.79841369,25.54917171,25.21422931,24.85857296,25.46327216,26.65245359,25.73418022,25.01112984,30.8918616
Honduras,HND,Gross savings (% of GDP),NY.GNS.ICTR.ZS,13.73512902,13.8198339,12.617,20.05504569,23.76289264,21.92303464,20.43615879,23.52516621,23.91268235,26.69082202,20.30992752,18.78843241,18.69382617,18.80907552,20.18414947,23.88477478,25.08048816,23.9867065,20.61067323,16.48067639,16.74629946,18.47728759,16.04824524,12.38018193,14.5624186,19.64667988,20.4295756,23.64236807,20.53143252,22.02790843,16.74629946
Heavily indebted poor countries (HIPC),HPC,Gross savings (% of GDP),NY.GNS.ICTR.ZS,,,,,12.54456352,,,,,,,,,,,15.71816004,16.09929459,16.40604233,16.83095525,15.85627054,20.79249054,20.11089509,19.88521008,20.68575525,22.31209362,20.40502944,20.43874517,22.65919759,24.02147173,,20.79249054
Croatia,HRV,Gross savings (% of GDP),NY.GNS.ICTR.ZS,,,,,,12.27867098,17.47727565,16.34713525,17.56562334,15.89589137,18.6456279,19.13893285,18.2925124,18.91625671,20.75893872,19.60787769,21.28047874,21.1396313,19.90490852,18.461429,18.85136412,18.10912601,16.56663134,17.94705612,19.0748257,23.76849101,23.05750732,25.32397711,25.27326532,25.33647474,18.85136412
Haiti,HTI,Gross savings (% of GDP),NY.GNS.ICTR.ZS,2.967810054,11.40757891,11.06548367,-4.556597962,-0.968528615,26.43405869,26.91600011,23.18302863,25.78880701,26.5727719,7.972750941,6.853411432,7.580804875,14.58575479,9.37136291,10.1472038,10.48156738,9.153894642,10.25405813,8.985634213,22.8433086,18.4843393,14.23187208,11.33455569,9.466779992,12.40634526,11.20316681,10.9499941,12.01668317,,22.8433086
Hungary,HUN,Gross savings (% of GDP),NY.GNS.ICTR.ZS,,,,11.87828708,15.69683786,19.33484402,20.75159423,21.5032979,21.34541094,18.70964802,19.2514346,19.77359556,18.54371144,15.78258181,16.54816193,16.38124259,17.95225664,16.604249,17.56878563,19.55510895,20.76020479,20.85321136,20.87558002,24.37967566,24.56744018,25.51850424,25.78546219,24.75421439,26.92941378,27.83993609,20.76020479
IBRD only,IBD,Gross savings (% of GDP),NY.GNS.ICTR.ZS,27.00691309,27.49257394,28.33580584,29.52546941,29.71295009,28.0877155,27.71465252,27.51577007,26.4923395,26.1849785,27.65175782,27.30587032,28.03020195,29.37382741,31.40639186,32.19782274,33.8714975,34.54496526,34.98428823,32.19017247,33.73628108,33.37361681,32.45880337,31.25564393,30.96622832,30.41859419,29.64710162,30.10429282,30.14052402,29.62426659,33.73628108
IDA & IBRD total,IBT,Gross savings (% of GDP),NY.GNS.ICTR.ZS,26.9558155,27.37793255,28.07203203,29.14758037,29.39889187,27.8312949,27.39771544,27.25556711,26.2471598,26.09345174,27.61676067,27.09037705,27.74851205,29.02439435,31.01182542,31.73206479,33.52466109,33.91410379,34.35578305,31.60062367,33.18339294,32.83292065,32.0284553,30.73129948,30.51365599,29.84990194,29.11317775,29.62103463,29.71352144,29.34964974,33.18339294
IDA total,IDA,Gross savings (% of GDP),NY.GNS.ICTR.ZS,26.10326017,25.519804,23.85997173,22.93595049,23.7683103,22.98849492,21.36614608,22.30293146,21.57112058,24.34028004,26.94780424,23.07093541,22.49132427,22.51342321,23.70703524,23.45110956,27.37413448,22.72839247,23.17062617,21.22504452,23.67519855,23.82243864,24.8838329,22.02738344,23.3346971,20.99150739,20.72345241,21.92255631,22.69861827,,23.67519855
IDA blend,IDB,Gross savings (% of GDP),NY.GNS.ICTR.ZS,36.87995891,36.6721764,32.98412338,31.32868998,30.30566808,29.00473263,26.32177869,27.65858801,24.57206366,30.70907368,33.69737041,25.89091573,23.73244278,23.34933315,25.13147246,27.20107897,33.99833142,23.31904958,25.0552304,21.09650242,21.61481767,22.24842363,24.73598304,18.0860323,20.47403776,17.3521615,16.06953266,16.81526286,17.48431818,19.30281152,21.61481767
Indonesia,IDN,Gross savings (% of GDP),NY.GNS.ICTR.ZS,22.45364177,22.07300051,23.30042166,28.99814745,29.87169532,28.13846186,27.80807993,29.03094123,22.42249233,13.20180441,26.28689921,27.19979393,23.01740778,20.68405036,20.76428995,24.33848664,25.77714359,25.17912344,28.45241261,29.0563768,32.72742299,33.22007305,31.98536977,31.12176664,30.66890946,30.12335649,29.92276831,30.87836344,31.79849088,31.01218523,32.72742299
IDA only,IDX,Gross savings (% of GDP),NY.GNS.ICTR.ZS,,,,,,,,,,,,,,,,19.89627782,21.0479553,22.16440998,21.35807321,21.35041713,25.59610754,25.20512165,25.01279671,25.46436441,25.95340381,24.32661601,25.06674734,26.66017932,27.79410967,,25.59610754
India,IND,Gross savings (% of GDP),NY.GNS.ICTR.ZS,21.21356324,21.7599661,23.24679983,24.08307671,25.95100089,26.96739082,27.04793366,27.55043249,25.88950372,25.63753651,26.11902732,26.25987903,28.11148558,30.47096654,33.33257124,34.4180229,36.36053211,37.01139151,36.25408113,35.61743864,36.30587538,35.1318193,35.26129179,34.30465633,33.46602422,32.45392485,30.83057554,31.43209974,31.10312302,29.1434369,36.30587538
Ireland,IRL,Gross savings (% of GDP),NY.GNS.ICTR.ZS,,,,,,,,,,,,,,,,26.82020448,27.06855049,23.62551419,18.45115713,14.95580307,16.58898657,15.63165946,15.96741568,20.74738058,23.9544228,30.30467764,34.07454554,34.22139005,34.36702961,35.92976805,16.58898657
"Iran, Islamic Rep.",IRN,Gross savings (% of GDP),NY.GNS.ICTR.ZS,23.62450262,,,36.12389888,35.14026061,36.7517321,39.19165819,36.04903967,30.17271808,35.7380595,37.65796579,,,,,,,,,,,,,,,,,,,,
Iraq,IRQ,Gross savings (% of GDP),NY.GNS.ICTR.ZS,,,,,,,,,,,,,,,,39.9221248,41.005524,38.84609689,52.50762893,27.67261234,35.95273765,44.78291843,41.77751667,27.97460424,28.19651353,18.24204898,12.63561925,18.92356939,20.59503568,13.30068902,35.95273765
Iceland,ISL,Gross savings (% of GDP),NY.GNS.ICTR.ZS,19.5720519,18.76438915,18.46278796,20.31102414,20.60687381,19.76384273,20.012912,20.43584887,19.4596226,17.00768581,14.42200166,18.81152667,21.83618262,17.45856914,15.80074011,12.98296756,12.12611191,15.173418,2.448856109,3.470909253,4.374139398,7.192867843,8.82395501,17.71787211,17.81686999,20.14505592,23.13830264,23.28369295,21.01766342,26.00181209,4.374139398
Israel,ISR,Gross savings (% of GDP),NY.GNS.ICTR.ZS,21.12428189,24.2186747,24.77357735,23.16407455,21.83125271,21.46166314,21.77092498,22.44250213,22.74677865,22.38763955,21.70011588,21.30008193,20.10325774,20.52115933,21.73323585,23.94031688,25.17331379,24.53051957,21.56159975,22.06195699,22.40822891,22.67515937,21.84069583,22.99594961,24.88834296,25.39114707,24.80220697,24.39507729,24.38645338,24.74969728,22.40822891
Italy,ITA,Gross savings (% of GDP),NY.GNS.ICTR.ZS,21.10747302,20.25976542,19.25904952,19.98295395,20.07680731,22.10102603,22.36804047,22.42196931,21.62963813,21.03063933,20.58793248,20.99613554,21.06280545,20.39761718,20.77435732,20.27912986,20.48719164,20.87386419,18.98772361,17.62350309,17.27134608,17.64272289,17.55094135,17.99966421,18.84648431,18.51134358,20.15479072,20.59639388,21.0101907,21.03943563,17.27134608
Jamaica,JAM,Gross savings (% of GDP),NY.GNS.ICTR.ZS,18.94232162,18.93751387,25.97066837,34.22870132,26.00348719,23.72655182,23.74246697,21.73398297,18.71620191,18.74972189,16.84368814,17.37791934,15.84092013,17.99226905,20.72724409,15.02056062,17.44214706,15.58626306,6.228047728,12.95018856,13.41976241,8.583165919,11.0018322,11.93398007,14.17452397,18.22561104,21.1883791,21.61734194,22.01582489,,13.41976241
Jordan,JOR,Gross savings (% of GDP),NY.GNS.ICTR.ZS,20.96693931,14.48571752,16.9288926,24.62736386,26.25167136,29.15142277,27.31779793,26.13331454,22.23322551,24.78725937,22.68714859,20.77855704,25.24683269,32.59529155,27.72173617,16.10986116,16.88338997,12.83863696,22.5635369,24.99810182,24.19938913,18.46943234,11.69341501,13.69963084,16.12670481,13.34813128,11.53648103,8.87837912,12.00963327,15.82240467,24.19938913
Japan,JPN,Gross savings (% of GDP),NY.GNS.ICTR.ZS,,,,,,,32.29158226,32.08768511,31.32398776,29.60996026,29.96381017,28.56102341,27.3040178,27.50288808,28.08584903,28.2674399,28.5458111,29.12342143,27.35820328,24.08195648,25.12370501,24.16844053,23.55515271,24.03495652,24.65881472,27.07429102,27.37431385,28.11554715,27.83716325,,25.12370501
Kazakhstan,KAZ,Gross savings (% of GDP),NY.GNS.ICTR.ZS,,,,,,14.91091746,19.05267509,16.06032269,15.15365069,13.70779033,21.17117233,24.80992524,30.2558511,28.52074139,27.41625027,28.454821,31.06407567,29.39037713,30.08561288,29.41296514,30.38927409,32.79171294,29.75482574,28.98782512,30.14127781,27.64339216,23.90119602,25.93409374,27.79132638,26.57057017,30.38927409
Kenya,KEN,Gross savings (% of GDP),NY.GNS.ICTR.ZS,18.99172983,19.37219181,15.12458071,37.15646242,33.7985121,23.81787,16.48075571,16.27073595,16.25858413,18.48646343,12.88052415,9.776646125,8.533094478,9.474741952,11.96134347,13.87269549,16.06123804,16.66199245,15.40480837,14.51429119,14.12512938,13.56665753,12.53501996,9.608534445,10.53779331,11.18734367,11.44524612,9.189999318,8.580123225,7.967856914,14.12512938
Kyrgyz Republic,KGZ,Gross savings (% of GDP),NY.GNS.ICTR.ZS,,,,7.056434161,4.44670444,7.813499947,1.815585661,13.94590615,-7.949289949,2.751078054,14.66597131,17.17007271,16.89305425,10.05545877,15.40623687,14.69998706,10.92974695,20.86712421,14.63585839,25.15695828,19.93339075,17.40562521,12.74085958,9.116896961,11.5268744,12.17321924,22.45503053,26.66968755,26.57941554,19.48248858,19.93339075
Cambodia,KHM,Gross savings (% of GDP),NY.GNS.ICTR.ZS,,,,,,5.616724785,4.674598196,8.539986329,7.23399209,13.02076907,14.20285415,16.32430524,14.35613918,14.21370684,12.5541501,13.60857778,19.86330896,19.21501501,16.71365932,18.80388623,17.50291917,16.3564837,18.86035129,21.06491893,21.36463954,20.73817136,20.33352172,23.19308974,25.37439714,27.18525728,17.50291917
Kiribati,KIR,Gross savings (% of GDP),NY.GNS.ICTR.ZS,53.90667103,100.6717495,95.99555621,,,,,,,,,,,,,,,,7.43894796,2.427353251,14.58830783,9.33916021,26.38694557,27.92430168,62.0934779,76.17822886,46.66254485,68.39287275,64.09330886,,14.58830783
"Korea, Rep.",KOR,Gross savings (% of GDP),NY.GNS.ICTR.ZS,39.02619049,39.03767304,38.13350402,38.19792199,37.89659889,37.68264008,35.96581108,35.91391951,37.72344885,35.37572185,33.89358132,31.937638,31.4544004,32.98186486,35.46226035,33.76562363,32.89055346,33.45347261,33.32190514,33.28145476,35.04466783,34.67129671,34.66391462,34.84912557,34.987043,36.34860305,36.78533622,37.01428256,35.85497824,34.79264139,35.04466783
Kuwait,KWT,Gross savings (% of GDP),NY.GNS.ICTR.ZS,19.68368411,-236.2658329,22.89988164,31.19358058,31.41336094,37.71145716,39.92229116,42.61867521,26.98692535,31.36121563,49.56574417,38.15852228,28.28499157,36.30654518,48.73520697,58.86399471,66.88410951,57.24893314,58.50257503,42.92569019,51.51940014,57.38085134,56.94182432,55.1079902,50.16839495,30.91583879,25.45416411,35.49430095,40.8295884,,51.51940014
Latin America & Caribbean (excluding high income),LAC,Gross savings (% of GDP),NY.GNS.ICTR.ZS,19.37307001,18.30976179,18.0489804,18.8764649,19.16602138,17.60975557,17.40610547,17.33986465,16.55344051,16.01678915,17.70726877,16.77306283,18.21825227,18.62047067,20.24253966,20.2686353,21.9933849,22.15806903,21.8727146,19.01887054,20.47040725,20.83309865,19.68742642,18.48254633,17.14809764,16.96114786,16.711823,16.83334378,16.49730207,16.41897775,20.47040725
Lao PDR,LAO,Gross savings (% of GDP),NY.GNS.ICTR.ZS,,,,,,,,,,,8.529461086,1.396712837,18.36760584,10.56472019,14.72240539,20.24489327,22.56832536,19.13917856,14.03251211,16.62230576,9.676115267,18.40332942,6.868406833,5.725073507,10.17373385,10.75118956,17.64963047,,,,9.676115267
Lebanon,LBN,Gross savings (% of GDP),NY.GNS.ICTR.ZS,,,,,,,,,,,,,-4.236025907,-16.35902798,6.464537177,7.472650568,10.28383706,14.74982939,8.0544156,7.438543391,4.93641027,2.70092703,-2.526201988,-2.472921299,-3.500925865,2.384758996,1.651248097,-1.299435498,-4.003407848,-3.093585772,4.93641027
Liberia,LBR,Gross savings (% of GDP),NY.GNS.ICTR.ZS,,,,,,,,,,,,,,,-69.53445017,-66.99152337,0.873231845,-70.26321427,-31.98378631,-6.15106717,-23.19563338,-18.8843734,-20.29866693,-29.54014085,-38.13281588,-30.95733438,-38.33317979,-48.78184822,-58.29397472,,-23.19563338
Libya,LBY,Gross savings (% of GDP),NY.GNS.ICTR.ZS,,,,,,,,,,,,,27.78094726,49.31224598,43.29316566,62.28486017,67.9827275,63.09277782,67.32703962,,,,,,,,,,,,
Latin America & Caribbean,LCN,Gross savings (% of GDP),NY.GNS.ICTR.ZS,19.48041573,18.41325762,18.16733571,18.9365234,19.24002734,17.90966972,17.71472575,17.61732434,16.79494909,16.2317012,17.84232649,16.94501554,18.34584146,18.6944552,20.28654129,20.33685443,22.06135359,22.2524077,21.88475892,19.21084946,20.59755127,20.89754763,19.78060181,18.60056555,17.33567834,17.23063693,16.93983167,16.99225536,16.64679263,16.61864593,20.59755127
Least developed countries: UN classification,LDC,Gross savings (% of GDP),NY.GNS.ICTR.ZS,,,,,,,,,,,,,,,,24.32845413,26.58847814,27.98443337,27.76382183,24.7107063,30.93864564,30.75938515,30.02838867,28.70824269,28.19368104,25.34654375,25.88232659,27.00224838,28.68132393,,30.93864564
Sri Lanka,LKA,Gross savings (% of GDP),NY.GNS.ICTR.ZS,23.70049146,23.61268956,24.45369021,25.61813858,24.37927304,20.83157055,21.60054009,22.20264759,22.64724406,23.38654005,22.0996559,22.95410178,21.31126879,21.65615495,22.11889732,24.16260618,22.68688149,23.62660379,18.03312755,23.92987667,28.45794235,26.28579521,33.30177889,29.86377452,29.80464278,28.82351401,25.7306893,28.95989879,27.30091358,25.25059722,28.45794235
Lower middle income,LMC,Gross savings (% of GDP),NY.GNS.ICTR.ZS,24.19595553,24.85678505,24.61750195,24.37446877,25.29955224,24.88127792,24.12149778,24.67043119,24.45156011,26.02512027,27.24553971,26.06716691,27.17692905,28.18962476,30.59155411,32.12906286,34.25901187,33.06422823,32.40618096,30.10494644,31.5662634,30.6192053,30.68720963,29.11661298,28.78719617,27.29328729,26.47199124,26.96263567,26.34263475,25.63554914,31.5662634
Low & middle income,LMY,Gross savings (% of GDP),NY.GNS.ICTR.ZS,27.10891799,27.51543491,28.25456313,29.3423062,29.58526165,28.22305297,27.78646865,27.65892314,26.63026924,26.51677074,28.10640323,27.58099786,28.29959983,29.65226881,31.77815331,32.46746225,34.28677387,34.67723487,35.13571326,32.26500577,33.94335616,33.53090959,32.72164001,31.32451378,31.07924602,30.31809193,29.59253369,30.14265135,30.27977117,29.89536169,33.94335616
Lesotho,LSO,Gross savings (% of GDP),NY.GNS.ICTR.ZS,,,,,,,,,,,,,,,,,,43.4687862,44.49811957,33.63760626,28.83524904,24.18239713,23.64738588,31.08451057,34.5640401,29.46883395,19.43429078,21.28717002,24.89809774,25.77230069,28.83524904
Late-demographic dividend,LTE,Gross savings (% of GDP),NY.GNS.ICTR.ZS,30.98790359,28.54389407,33.54373146,34.44173175,33.71737432,30.57465716,29.67498885,29.34807745,28.0731758,28.10773244,29.6411233,29.70019607,30.17223189,32.08729952,34.57366768,34.79923621,36.33992209,37.3047202,37.70145777,34.81990411,36.4446737,36.26092606,35.45454898,34.55097483,34.32203317,33.03546293,32.09157868,32.60702244,32.70603645,32.27417819,36.4446737
Lithuania,LTU,Gross savings (% of GDP),NY.GNS.ICTR.ZS,,,,,,13.3821244,12.49217137,14.92361144,12.83028529,10.5134387,12.9499929,14.37091557,15.6719696,15.25987704,15.2588384,17.06032446,16.55147258,17.12147265,14.90778569,14.72753245,18.32453218,18.30305045,18.18398267,21.22170717,23.08180293,18.82773214,18.41721121,20.01337152,20.82559581,20.77531449,18.32453218
Luxembourg,LUX,Gross savings (% of GDP),NY.GNS.ICTR.ZS,,,,,,,,,,34.36009598,33.72580676,32.8062853,29.89622934,26.59598305,36.10512254,38.82633677,31.80569998,39.70464101,34.21517545,15.61043866,23.04966305,20.7658504,19.16636574,18.00281684,18.80632143,19.55966156,19.03931706,17.62183611,17.39422501,16.6868263,23.04966305
Latvia,LVA,Gross savings (% of GDP),NY.GNS.ICTR.ZS,,,,,,13.08177432,12.38495771,14.09995151,16.11721838,12.72521835,18.54104944,19.39743772,20.40061118,21.23591289,20.98554181,23.71336807,19.34438434,21.38000881,23.46577638,30.59845517,22.4685566,23.44764272,23.65650538,22.57375932,22.45081846,23.24292205,22.83065794,23.42035314,23.46981271,21.73711558,22.4685566
"Macao SAR, China",MAC,Gross savings (% of GDP),NY.GNS.ICTR.ZS,,,,,,,,,,,,,42.65237551,45.3388502,49.95060804,50.26805739,49.73463623,60.40553216,48.25952396,47.87860778,53.41348391,55.31463538,54.68174601,54.96636009,54.67179454,51.72361492,51.22850003,53.16068441,53.20109094,,53.41348391
Morocco,MAR,Gross savings (% of GDP),NY.GNS.ICTR.ZS,30.43956068,26.15996498,26.57124514,24.88115814,23.76298043,21.84522071,24.58682412,24.76179869,27.5171486,25.50516279,25.19269649,31.76723453,30.8547807,32.26516632,32.75782588,32.38592333,33.58478333,33.92983514,34.16711966,29.77827655,29.71475762,28.06868476,25.25143526,27.02568361,26.54022034,28.85054322,28.25089189,29.14748602,27.80701406,27.8482037,29.71475762
Moldova,MDA,Gross savings (% of GDP),NY.GNS.ICTR.ZS,,,,,,,13.46597821,8.712515175,4.678229704,20.29565292,18.3000329,21.96498562,21.26664603,16.86763745,24.04435799,22.90289436,21.77668458,23.86556798,23.32503353,14.05521662,17.00566909,13.96559988,16.75500334,19.72243037,20.06332026,17.79076486,18.41041299,16.76916279,15.06450514,16.79501556,17.00566909
Madagascar,MDG,Gross savings (% of GDP),NY.GNS.ICTR.ZS,31.18550266,25.81134271,32.80456723,33.52558066,27.69118779,4.477975292,8.650116406,6.858661849,6.980313099,8.09353341,7.722526002,14.1505599,5.788234247,10.17982076,16.29899373,10.39492709,14.96567186,19.08987363,23.83942731,17.91575655,16.83019687,16.01714673,13.46734505,8.793679317,14.55633836,12.93857823,16.02707598,15.07799553,18.17378465,,16.83019687
Middle East & North Africa,MEA,Gross savings (% of GDP),NY.GNS.ICTR.ZS,21.87465149,,,24.84521377,24.04802109,25.81408116,27.01721296,26.44013312,22.39513957,26.53530073,29.99169782,,,,,38.89957041,40.67375093,40.30616601,,,,,,,,,,,,,
Mexico,MEX,Gross savings (% of GDP),NY.GNS.ICTR.ZS,19.8222349,18.21582325,16.44626251,19.90511284,20.21905153,22.61257563,22.70766193,23.53391172,23.36472921,22.42908434,21.38771427,20.59851372,19.5646364,19.10133419,22.1001478,21.28543009,23.53337308,23.25676611,23.22303416,22.98212165,23.76070311,23.82656777,23.28151152,20.15221533,21.26425207,21.76095285,22.29783412,23.16653097,23.66014724,23.69361456,23.76070311
Marshall Islands,MHL,Gross savings (% of GDP),NY.GNS.ICTR.ZS,,,,,,,,,,,,,,,,32.93070051,28.9674101,29.63582891,24.61138542,26.27703508,28.10607739,26.70638804,17.45077179,18.91719381,25.52416338,32.65946759,29.67079541,18.29045009,17.24412628,,28.10607739
Middle income,MIC,Gross savings (% of GDP),NY.GNS.ICTR.ZS,27.31928042,27.76345544,28.48309932,29.57726367,29.74408354,28.36619319,27.94181262,27.80297878,26.74910335,26.65670191,28.22118194,27.68742935,28.41012278,29.7682663,31.92683258,32.70127121,34.53824328,34.88711636,35.33267123,32.45597098,34.06174582,33.67650142,32.88546155,31.47316944,31.20571449,30.47201531,29.71292042,30.23799571,30.33205195,29.93404187,34.06174582
North Macedonia,MKD,Gross savings (% of GDP),NY.GNS.ICTR.ZS,,,,,,,12.18964826,6.019343463,3.903707447,7.248401571,21.89943226,12.64518344,13.0709619,15.71252187,14.57308869,18.55251874,21.8993142,17.63869326,16.19917624,20.41811841,23.79863246,25.87089565,26.66158995,27.37606437,29.73017616,28.47565072,30.03135706,31.61921109,32.44164794,31.36865974,23.79863246
Mali,MLI,Gross savings (% of GDP),NY.GNS.ICTR.ZS,12.22936046,9.816902732,11.26929642,8.230698431,13.67133276,10.49876165,9.849050256,14.26581921,14.31801677,10.37479539,9.97118107,12.03975964,11.67861109,14.73397902,13.87850005,13.06772499,18.05071601,16.77002512,12.87182769,15.20865386,12.81682056,14.28929873,16.46519615,16.48855744,15.43134013,15.43155966,16.71541488,14.34975804,15.55509917,,12.81682056
Malta,MLT,Gross savings (% of GDP),NY.GNS.ICTR.ZS,30.75757026,31.05688145,28.60605204,26.63886715,25.91181608,23.41151035,18.98907558,20.96007285,19.3391381,20.89706808,15.68348246,17.01202957,20.42462536,18.7698321,16.29311346,14.87201466,12.33445632,14.2998001,19.53193694,15.343284,18.30884134,18.26924509,17.79598173,20.68175654,24.79112288,27.4680751,24.82970903,27.83802535,28.61310867,27.52530993,18.30884134
Myanmar,MMR,Gross savings (% of GDP),NY.GNS.ICTR.ZS,,,,,,,,,,,,,,,,,,,18.34943204,16.93330415,33.15459863,37.59950957,33.58313399,32.4562138,30.56054566,24.49091963,25.77741643,26.24316731,29.436617,,33.15459863
Montenegro,MNE,Gross savings (% of GDP),NY.GNS.ICTR.ZS,,,,,,,,,,,,,,,,,,-4.601068415,-8.279728562,-0.768278018,1.166854852,4.274774245,5.13095733,8.219335711,7.807567962,9.117273399,9.865449653,14.16837313,14.89879571,16.90337509,1.166854852
Mongolia,MNG,Gross savings (% of GDP),NY.GNS.ICTR.ZS,23.38445069,25.48209878,36.49696871,41.80193838,40.56227061,38.79343834,33.03263286,37.16397373,30.86690029,33.43775964,17.4236104,17.9178901,16.28291305,25.03807312,33.65779466,39.55757389,45.95742489,41.03180192,29.96148884,27.22845591,26.63044842,30.40358846,27.6982751,26.28005202,23.44557552,20.69556569,24.18583965,21.22607757,25.95080131,23.71700101,26.63044842
Mozambique,MOZ,Gross savings (% of GDP),NY.GNS.ICTR.ZS,,,,,,,,,,,,,,,,8.607678123,10.41908802,12.44593142,13.70612421,11.79859116,12.40192634,14.00223319,11.31595376,12.35065987,10.56443097,12.64285688,10.23092099,12.47179201,12.86910319,17.80104326,12.40192634
Mauritania,MRT,Gross savings (% of GDP),NY.GNS.ICTR.ZS,6.587721268,17.19960049,14.9134515,7.529619932,43.16374456,16.46973042,18.54767172,10.82447733,17.78782001,,,,,,,,,,,,,,36.68700782,35.5290034,22.86999688,21.47316094,27.97779547,30.54425847,29.18924589,33.47988051,
Mauritius,MUS,Gross savings (% of GDP),NY.GNS.ICTR.ZS,25.82150924,27.58217822,29.06090129,27.71797377,25.24777782,25.19328232,25.6173935,27.12850273,26.58727858,25.62323678,26.86910923,28.68403112,27.60854883,25.96305879,23.10527551,18.28589016,20.86964822,25.42487252,19.24398019,15.85493242,13.91516039,12.29743972,17.16510958,18.0715155,15.6311945,16.07172604,16.4670781,17.8580263,18.05569436,18.48212787,13.91516039
Malawi,MWI,Gross savings (% of GDP),NY.GNS.ICTR.ZS,16.36531406,17.35834895,5.05105788,4.595918067,5.463028196,7.504885586,6.604087161,1.252527316,12.80597446,4.320722007,9.517732456,10.13274057,5.462511333,5.241800452,4.580512693,2.293870804,7.501981224,20.0357139,14.37224301,19.45475738,18.40226173,10.22964497,2.173350817,13.86952069,12.75544163,7.403780207,3.616313653,8.228341046,9.062974962,10.9645461,18.40226173
Malaysia,MYS,Gross savings (% of GDP),NY.GNS.ICTR.ZS,30.38268284,29.27826201,31.69647503,34.71317319,35.09141613,33.89325517,37.04072348,37.02054492,39.849159,38.30598077,35.91737958,32.25177903,32.73508467,34.85265146,35.13749662,36.81574836,38.79645694,38.76682083,38.51773056,33.36344397,33.46645759,34.08180525,30.9153501,29.41984502,29.36654769,28.39914484,28.38499868,28.33599964,26.17055998,,33.46645759
North America,NAC,Gross savings (% of GDP),NY.GNS.ICTR.ZS,18.67146468,18.48210101,17.35688248,16.85183808,17.77797422,18.77160506,19.62785331,20.78055369,21.23837712,20.96975576,21.1159004,19.96602769,18.71996619,17.90779994,18.36124513,18.84655787,19.81524287,18.25181393,16.17075443,14.4305063,15.90933329,16.97637492,19.07221535,19.52635035,20.61770658,20.23283186,18.76850405,18.76680735,18.72395402,18.81968627,15.90933329
Namibia,NAM,Gross savings (% of GDP),NY.GNS.ICTR.ZS,37.8736246,26.72840345,28.91786402,25.97604578,29.64401977,30.77176969,28.1129607,25.06506691,26.93498338,24.01632897,28.28142869,22.84724426,26.85460076,26.64868937,30.88678961,31.1237614,36.22104666,28.6156189,27.01430647,16.74115736,18.8394371,14.98330395,14.97305229,18.86188473,23.07846357,16.40494892,5.384926626,12.8266586,11.98863908,8.642431518,18.8394371
Niger,NER,Gross savings (% of GDP),NY.GNS.ICTR.ZS,6.881818514,8.246259414,6.098674789,6.384516377,9.536005043,8.51020778,13.55357609,11.53554898,13.44361276,10.5607867,13.45346677,15.25485554,14.59341267,14.00711111,12.96534332,20.21280067,20.66558272,18.63994077,21.68817087,16.47037654,24.28859805,22.18022898,23.30687122,24.19263481,24.97471066,23.52829084,22.45975235,20.13129928,22.14268219,,24.28859805
Nigeria,NGA,Gross savings (% of GDP),NY.GNS.ICTR.ZS,59.02455444,56.39235852,48.90530388,45.37456206,40.63911446,41.54742221,38.62911373,41.283176,33.26725038,46.24266642,50.6504509,34.06146741,29.11599259,27.25554816,30.15286635,36.21164488,49.9029502,26.81110591,31.99426828,24.89657023,24.3508618,25.23172977,33.15711182,19.28537201,22.46209101,17.00218848,15.84585735,18.26508766,19.26258667,23.23505694,24.3508618
Nicaragua,NIC,Gross savings (% of GDP),NY.GNS.ICTR.ZS,,,,,-4.659504455,3.288071328,4.944683295,7.537222555,11.8431868,13.66363767,10.36669532,9.726870657,8.61012646,9.681161246,12.97669356,14.21292087,15.12204912,15.16991098,16.52875445,14.63568297,15.87303745,19.01967829,19.26158476,17.94968907,20.63106319,23.4889801,22.51098649,22.41738302,21.88717072,22.58801394,15.87303745
Netherlands,NLD,Gross savings (% of GDP),NY.GNS.ICTR.ZS,27.27713878,26.81241241,26.13988051,26.44490771,27.42951023,28.4598108,28.78025494,28.74183725,27.13751421,28.57053127,29.414569,27.24278303,26.19197742,26.95266077,26.99341571,25.69979086,28.23293267,28.12338777,26.43404872,26.04892095,27.19598017,28.65528337,28.81761158,28.06076372,27.10257194,28.77311189,28.5423434,31.41819812,31.79350111,31.22837487,27.19598017
Norway,NOR,Gross savings (% of GDP),NY.GNS.ICTR.ZS,26.80422014,25.49970393,24.92839087,24.94517643,25.85588741,27.59870318,29.52772102,31.22391997,28.00927573,30.0994603,36.63622954,36.4581354,32.71885897,31.57973155,34.00205859,38.8067387,40.27817747,39.62112076,41.94411005,35.63458176,36.68409466,38.69119409,39.2005828,38.39153435,38.91618245,35.83264091,33.12916177,34.0671801,35.88948272,33.26905809,36.68409466
Nepal,NPL,Gross savings (% of GDP),NY.GNS.ICTR.ZS,10.3341958,11.71677402,15.10886219,16.62517071,13.9920437,21.00779388,20.38508266,19.11054397,20.13192901,20.47123509,21.73051331,18.5502235,25.13148362,25.12676611,27.57583417,30.68571741,29.50425285,31.05886965,36.65691212,37.24818062,37.75048339,39.50676497,40.26883823,43.79171179,46.2707818,46.14174132,40.71846128,46.67706575,48.1633891,48.94494931,37.75048339
New Zealand,NZL,Gross savings (% of GDP),NY.GNS.ICTR.ZS,,,,,,,,,,,19.77490822,21.78864556,20.85379915,21.33541187,20.03050165,17.69092917,16.99762844,18.03005609,15.67531286,18.10305125,17.43049677,17.35068231,17.24212237,19.48330912,19.50450841,20.74341021,20.73120606,21.01131592,21.42084779,,17.43049677
OECD members,OED,Gross savings (% of GDP),NY.GNS.ICTR.ZS,21.32285225,20.66609818,19.60906562,19.36674302,20.08628182,20.97230261,22.63494335,23.30258511,23.63647628,23.06171179,23.20208928,22.44288334,21.68794813,21.30895314,21.94707409,22.2240649,22.98669577,22.59958933,21.07706279,19.23132953,20.2204117,20.80620614,21.35620226,21.5182516,22.24538788,22.67167697,22.17462025,22.5582017,22.6425625,22.0335015,20.2204117
Oman,OMN,Gross savings (% of GDP),NY.GNS.ICTR.ZS,21.88978166,14.03849752,12.73016771,8.511258223,10.64409639,9.939993593,15.5861108,16.22630688,12.17113344,18.87493131,31.42143731,26.80971504,27.44456422,29.92938303,31.46116547,38.09239663,42.37914464,39.93643365,44.73994772,27.16891521,34.12580942,34.38823275,34.48735834,33.01230285,26.03500785,13.66092627,9.71007758,11.95112765,18.97465976,14.75355571,34.12580942
Other small states,OSS,Gross savings (% of GDP),NY.GNS.ICTR.ZS,,,,,,,,,,,,,,,,,,,,,,43.3004267,43.48918803,41.71258667,39.86794188,34.30028668,32.15574218,34.60495809,35.7520375,34.64773065,
Pakistan,PAK,Gross savings (% of GDP),NY.GNS.ICTR.ZS,18.02974965,21.36396976,21.46648995,16.12698572,19.1127783,17.11299468,15.60700201,16.04084481,17.36726195,16.702326,19.06615119,20.56293114,21.32607195,21.59100051,22.31018993,19.76342243,17.94599312,17.14890116,12.6172652,15.05763962,15.90103323,15.47492354,13.89405057,14.66627252,15.27556114,15.77184542,14.95008686,13.04183399,12.21702054,12.31839169,15.90103323
Panama,PAN,Gross savings (% of GDP),NY.GNS.ICTR.ZS,16.41038258,11.83989994,17.32884084,20.45956308,23.91162204,23.88700127,24.63981134,25.75642325,20.53684846,18.67282364,22.54047365,19.87755348,19.55324386,19.60437992,16.14688781,17.20821984,19.84733894,26.48701345,27.93302479,27.20501506,22.64005462,27.58474552,29.4469165,30.44421053,27.45590577,31.61353775,29.71531161,31.37207734,29.33054099,29.95146524,22.64005462
Peru,PER,Gross savings (% of GDP),NY.GNS.ICTR.ZS,13.05404588,13.9572812,13.09089231,13.3494756,16.76548061,16.38927607,16.25847042,18.25675798,17.75142609,18.39623253,17.31937946,16.66479751,16.95175338,16.8011088,17.83725569,19.74207343,23.32665637,24.11641848,22.75117687,20.92044192,22.44612522,23.70010285,22.303955,21.91445645,20.67665338,20.04791647,19.75341276,19.73813794,19.82978414,,22.44612522
Philippines,PHL,Gross savings (% of GDP),NY.GNS.ICTR.ZS,18.62205647,18.00875524,17.57929311,16.74430327,19.19771492,18.86435277,19.27122216,21.20457371,29.25649054,35.79949909,33.39163559,34.62370129,35.26884169,35.60994983,36.22923143,37.77145418,37.22820304,36.7544224,36.05181279,37.94030392,39.75149112,36.87507107,35.1328493,36.35440169,37.34744802,35.63483336,35.0547724,35.48863164,33.80705071,31.56215836,39.75149112
Palau,PLW,Gross savings (% of GDP),NY.GNS.ICTR.ZS,,,,,,,,,,,,,,,,25.98769902,21.50199714,25.15419318,20.85230798,13.06287446,16.53710886,16.12551675,14.70858323,13.18242853,14.55233113,19.81554592,19.83965187,12.30877845,,,16.53710886
Papua New Guinea,PNG,Gross savings (% of GDP),NY.GNS.ICTR.ZS,17.12279063,21.1222108,20.7395892,25.4759839,28.06540774,35.14868576,26.20889237,14.83252033,18.40817938,18.87893299,32.47997309,28.34857041,22.9407238,30.45881875,30.42114963,,,,,,,,,,,,,,,,
Poland,POL,Gross savings (% of GDP),NY.GNS.ICTR.ZS,,,,,,20.97962914,20.48749723,20.20545201,21.11062087,20.01280595,18.41914395,17.22235635,15.51158685,16.22708522,14.34717634,16.87856193,17.42434764,18.26314848,17.85341574,16.23608762,15.74621691,17.09958881,16.70522877,17.21200857,17.7786467,19.50816912,19.19848898,19.5290513,19.40403876,20.1333119,15.74621691
Pre-demographic dividend,PRE,Gross savings (% of GDP),NY.GNS.ICTR.ZS,,,,,,,,,,,33.670851,22.41561807,22.62261565,22.08437681,25.05465449,28.66800001,33.9574144,27.14432689,31.69938461,22.80460823,27.44452403,28.68157915,30.09689428,22.7813824,23.87190599,18.94630885,17.58130822,19.99890606,21.34376198,19.99134276,27.44452403
Portugal,PRT,Gross savings (% of GDP),NY.GNS.ICTR.ZS,28.00318687,25.23975034,25.29432665,22.76814697,21.65532364,24.63430288,21.49015264,21.62785726,22.15680215,20.29508411,17.95046391,18.1235353,17.36917517,16.41498784,15.53263025,13.69390191,12.78263707,13.43350833,11.42808153,11.02057149,10.61525827,13.33196567,13.79093985,15.61914481,14.96782464,15.64549317,16.32711197,18.03167324,18.33986981,18.88878725,10.61525827
Paraguay,PRY,Gross savings (% of GDP),NY.GNS.ICTR.ZS,,,,,,19.77419931,21.5526278,17.45768665,21.61939458,20.66418937,14.77788143,17.73943853,26.90820426,21.00272844,20.03585539,20.35461853,23.14050579,25.59478114,22.79827965,21.38143394,23.99793899,25.18457043,20.47785706,23.91554184,22.41406682,21.71913269,23.7073994,24.28822317,22.58565295,21.25625553,23.99793899
West Bank and Gaza,PSE,Gross savings (% of GDP),NY.GNS.ICTR.ZS,,,,,,8.151577921,6.118019709,5.705090696,9.620503077,9.147840641,11.62916409,9.350687167,12.43951922,1.530831195,-6.506599596,-0.983698033,1.204736496,16.45516412,26.83478213,8.098425882,7.706170438,-0.486052552,6.970331742,7.34119643,8.143042588,11.38985199,11.47746088,14.36621911,15.45448217,,7.706170438
Pacific island small states,PSS,Gross savings (% of GDP),NY.GNS.ICTR.ZS,12.90555346,13.80750772,15.87342961,,,,,15.2329619,17.55476785,23.16647154,21.79906109,21.12054472,26.20275862,30.03017828,31.43305456,14.82408783,11.88138751,15.6941509,12.99599081,14.73029598,15.6192383,16.60110437,16.69994809,19.30278622,25.38546309,,,,,,15.6192383
Post-demographic dividend,PST,Gross savings (% of GDP),NY.GNS.ICTR.ZS,21.48908772,20.88570498,19.85582792,19.49737167,20.31864288,21.13684325,22.83363433,23.57931901,23.88205383,23.37600672,23.57318052,22.78088401,22.01577163,21.67180869,22.26102206,22.45960261,23.20284706,22.83088304,21.23368619,19.33274203,20.39106887,20.95613844,21.5184065,21.69829537,22.40296415,22.80112136,22.27424559,22.65970589,22.69339872,22.02559705,20.39106887
Qatar,QAT,Gross savings (% of GDP),NY.GNS.ICTR.ZS,,,,,,,,,,,,,,,,,,,,,,60.09941754,60.32916706,58.25195068,55.74935787,45.568977,43.36160746,46.59993043,49.74203697,45.00292882,
Romania,ROU,Gross savings (% of GDP),NY.GNS.ICTR.ZS,20.70124723,24.91555878,22.89811252,24.21831422,23.25680734,18.62688487,15.99991131,15.20945879,11.18804465,11.51368419,16.00550616,17.31022639,18.8213474,16.32252331,15.80992508,14.21932845,16.99140433,16.00236316,21.81106971,22.52513962,21.82797252,23.08811768,22.06027129,24.53222131,24.50616398,24.32513763,21.82973473,20.33489528,18.12734518,18.30746647,21.82797252
Russian Federation,RUS,Gross savings (% of GDP),NY.GNS.ICTR.ZS,,,,,29.57601975,28.02270887,27.1159226,21.9453568,19.32350814,28.24599055,36.15420756,32.51291864,28.77477622,28.26623863,30.26043974,30.54657714,30.66087609,31.26685546,30.0638815,20.87620377,26.28371452,28.7575647,27.24417163,24.2820964,24.51218089,26.36670919,25.01341253,25.66868515,30.00374912,27.5736528,26.28371452
Rwanda,RWA,Gross savings (% of GDP),NY.GNS.ICTR.ZS,,,,,,,,,,,,,,,,,,,,,13.4723205,17.11041724,13.60084344,16.27845061,11.75042863,9.323684397,10.66730527,15.49371047,12.53411919,,13.4723205
South Asia,SAS,Gross savings (% of GDP),NY.GNS.ICTR.ZS,21.00038692,21.74196848,22.96781345,23.10702367,24.94726142,25.52508236,25.52189287,26.05338837,24.94332136,24.74782232,25.41108794,25.70453279,27.42833518,29.33668282,31.83972452,32.59837131,34.14680579,34.67437076,33.59968609,33.5676607,34.31493559,33.24244866,33.54191009,32.71143912,31.98418839,31.1148594,29.62683093,29.94584872,29.44408944,27.96938843,34.31493559
Saudi Arabia,SAU,Gross savings (% of GDP),NY.GNS.ICTR.ZS,15.1923008,8.585122247,16.71914918,15.50817897,15.39678877,19.8025423,22.15460441,22.7627294,16.76813347,25.62125003,30.25821129,28.02757881,29.27031712,34.81638225,42.13973557,48.65310797,48.50552786,48.92772775,52.75226934,36.59862149,43.56365505,50.59068846,48.92873535,44.6088549,38.92448874,25.50283078,27.23568342,30.37145106,33.2275811,33.57432538,43.56365505
Sudan,SDN,Gross savings (% of GDP),NY.GNS.ICTR.ZS,2.779751033,-0.036811733,3.816321794,3.069159431,5.778853228,3.137248063,0.726828779,7.106950804,8.494100743,6.614527474,18.37720893,15.15176295,16.99481247,17.58528401,21.71273128,13.93133656,9.055333767,17.16406779,16.57682721,11.25569493,34.27073998,26.54499115,23.42088936,24.46287516,29.10629852,24.843003,25.59327858,29.28970314,43.69498763,,34.27073998
Senegal,SEN,Gross savings (% of GDP),NY.GNS.ICTR.ZS,1.758439562,2.386151628,2.973639824,0.53020762,4.939160895,7.811041851,7.412957818,10.35357625,10.75929274,11.91498318,13.25995429,12.95662532,10.73839344,15.20143227,14.33538321,15.10785747,13.76472464,13.32319255,13.87785038,14.09746059,15.45206289,13.78254538,16.33877693,16.5007244,19.00427693,20.54025021,21.15482407,22.54235227,23.40896364,,15.45206289
Singapore,SGP,Gross savings (% of GDP),NY.GNS.ICTR.ZS,43.73468201,44.97423481,46.99315848,44.36899474,48.09376467,50.59417342,48.87679262,52.3004879,51.34961006,48.91223403,46.37484994,40.0817899,38.42801044,39.39878392,40.61436754,43.62663976,48.16854371,49.97092182,44.35841654,43.86312579,50.59159439,48.8091746,47.25306118,45.51569711,47.29496845,44.0462477,44.64080231,45.38072794,43.92355276,42.83411619,50.59159439
Solomon Islands,SLB,Gross savings (% of GDP),NY.GNS.ICTR.ZS,,,,,,,,-41.00668422,-22.11868035,-6.579083347,-30.49909363,-31.67648397,-20.65210817,16.13813529,12.07016857,5.864012998,14.57178097,,,,,,,,,,,,,,
Sierra Leone,SLE,Gross savings (% of GDP),NY.GNS.ICTR.ZS,4.009145485,6.674167087,-2.853518544,-0.049181562,5.19407607,-3.322398982,1.970272162,-3.384961938,2.4952725,0.722275384,-9.492194195,-0.504045081,2.469269509,3.786295945,4.881672747,6.956541836,5.508843954,11.51028087,10.60020708,7.8221707,21.45539299,0.95235043,9.442461305,-12.88073351,15.1225696,-1.465528905,-13.7904676,4.274767709,-7.289945854,,21.45539299
El Salvador,SLV,Gross savings (% of GDP),NY.GNS.ICTR.ZS,11.6372447,12.18977776,16.71010441,18.10578564,20.6341118,19.18206558,14.16802928,15.28560248,19.02168131,16.61901684,15.71499246,18.39061853,15.59148791,14.80844506,15.45088975,16.73383975,17.465124,13.64874206,11.65459954,12.28125593,13.78347776,12.30870433,11.91230139,10.11466555,11.58406304,12.32629254,13.69018373,15.03158061,15.59633808,17.04115754,13.78347776
Serbia,SRB,Gross savings (% of GDP),NY.GNS.ICTR.ZS,,,,,,,,,,,,,,,,,,11.22049756,9.153024985,14.65519454,13.87116034,12.02437436,10.97650604,13.96796804,13.13423853,16.33634993,16.35232267,15.45725448,18.69764425,18.17196724,13.87116034
Sub-Saharan Africa (excluding high income),SSA,Gross savings (% of GDP),NY.GNS.ICTR.ZS,26.40734689,25.51468332,23.27773963,23.47955401,22.91949648,22.54600546,21.11101014,21.88232224,20.11372424,23.34433242,27.02922804,20.26246544,21.0928963,20.75928055,22.29985737,23.11332574,26.88151075,21.51774525,22.7799196,19.56919718,21.99451656,21.79905127,22.63831823,19.65864463,20.95718896,18.72598879,18.23785947,19.30400905,19.82754035,18.95783264,21.99451656
South Sudan,SSD,Gross savings (% of GDP),NY.GNS.ICTR.ZS,,,,,,,,,,,,,,,,,,,,,,,,,10.61344352,6.176846812,,,,,
Sub-Saharan Africa,SSF,Gross savings (% of GDP),NY.GNS.ICTR.ZS,26.39599546,25.53230973,23.33812196,23.52255764,22.94749406,22.57408846,21.17017677,21.94021335,20.18421815,23.37030862,27.01931985,20.34851452,21.1587947,20.81086728,22.30828493,23.06603396,26.81800649,21.55286217,22.73171569,19.52694923,21.91419725,21.70108787,22.57922917,19.64735872,20.90681758,18.70118364,18.21798685,19.28544428,19.80446383,18.94409136,21.91419725
Small states,SST,Gross savings (% of GDP),NY.GNS.ICTR.ZS,,,,,,,,,,,,,,,,,,,,,,40.11092517,40.46594676,38.97624373,37.50318213,32.74554029,30.8892815,33.34428881,34.37254007,34.33609805,
Suriname,SUR,Gross savings (% of GDP),NY.GNS.ICTR.ZS,,,,,,,,,,,,,,,,,46.79388329,55.60508622,52.09755104,52.64341042,50.3387968,,,,,,,,,,50.3387968
Slovak Republic,SVK,Gross savings (% of GDP),NY.GNS.ICTR.ZS,,,,,,23.84740009,22.43185176,25.31572351,24.81924696,24.72631387,24.69326423,23.95766161,23.97232617,20.80964947,21.18233823,23.57714736,23.00453023,25.10374531,23.82677214,18.27452041,20.63064089,21.37026663,23.07178377,23.71497622,23.7134677,23.36883209,21.7142691,21.75689104,22.5225397,21.26122136,20.63064089
Slovenia,SVN,Gross savings (% of GDP),NY.GNS.ICTR.ZS,,,,,,24.16835811,24.53104476,25.56401514,25.88249119,25.23068617,25.55144766,26.17082745,25.80446557,25.28183466,25.68133814,26.54947314,28.42961124,28.72496992,27.41055585,22.38350578,21.90968066,21.5676853,20.36761944,21.91594044,24.44239394,23.08959094,23.45503156,26.49862609,27.17221501,26.45465996,21.90968066
Sweden,SWE,Gross savings (% of GDP),NY.GNS.ICTR.ZS,24.02805312,20.90794358,17.97275707,16.05423516,19.65033684,22.58677546,22.5736513,23.10467124,24.228742,25.6610407,26.81457951,27.21957852,26.43512334,27.78778471,27.7932039,28.3820615,31.13586361,32.5550394,32.03960263,27.33616412,29.1408208,29.0329943,27.69396598,27.24800424,27.45691119,27.40472202,27.00756769,28.4354086,28.45971287,29.42997894,29.1408208
Eswatini,SWZ,Gross savings (% of GDP),NY.GNS.ICTR.ZS,19.66488426,19.72722202,17.3710007,13.98000374,18.1007171,15.50492477,13.96618701,17.23629339,13.51038402,13.01256846,21.37976104,26.78873076,23.19836618,21.46192714,18.46146516,23.04377231,19.45565995,21.95180931,14.33861969,9.816640583,8.446052721,3.850880569,17.64114336,22.63626432,23.54530604,22.64996029,19.14617627,16.22357542,16.16405019,16.22493698,8.446052721
Sint Maarten (Dutch part),SXM,Gross savings (% of GDP),NY.GNS.ICTR.ZS,,,,,,,,,,,,,,,,,,,,,,8.157316782,18.05100017,15.88853086,14.88021534,18.99465002,17.50265252,25.53229866,44.57200896,,
Seychelles,SYC,Gross savings (% of GDP),NY.GNS.ICTR.ZS,21.69081191,20.23271362,19.44905318,19.4493991,24.98981583,20.61483013,28.66879331,20.16485269,16.9482109,23.22192049,18.4704876,17.95654925,18.6059862,17.77553867,,,22.60138074,18.19542843,7.445991805,12.50326463,17.54471249,8.973301579,11.83060928,23.4993701,18.34399808,17.7821181,14.12502016,13.37845161,13.13964537,12.41281775,17.54471249
Syrian Arab Republic,SYR,Gross savings (% of GDP),NY.GNS.ICTR.ZS,14.77622907,9.007651718,11.48817918,14.42383766,25.13114971,27.36822103,21.71207645,18.07867101,21.96524339,18.3378314,22.17963113,25.37536188,26.11738855,25.65236645,20.14448818,19.91438462,21.59739732,28.93589277,,,,,,,,,,,,,
East Asia & Pacific (IDA & IBRD countries),TEA,Gross savings (% of GDP),NY.GNS.ICTR.ZS,34.4262977,35.85810334,37.68229817,39.22512005,39.3873658,37.41469731,36.57375926,37.42605728,36.15633602,34.16803608,34.63428252,35.72700656,36.71010601,39.35995828,42.01027264,42.52824186,44.66726969,46.26364832,47.4010892,45.9905811,47.41688791,45.87613183,45.01292776,43.80630001,43.93966729,42.06740682,41.30032223,41.83583731,41.37274942,41.64887357,47.41688791
Europe & Central Asia (IDA & IBRD countries),TEC,Gross savings (% of GDP),NY.GNS.ICTR.ZS,,,,,25.22367455,23.04917665,22.673666,20.17568384,20.07499558,22.97159167,26.80318593,25.50184978,24.21031583,23.60887849,24.74010855,25.39970246,26.0229837,25.85000724,25.66322514,20.68922056,23.00803495,24.65469862,23.69804207,22.60267465,23.14599917,24.34793815,23.47400337,24.20318377,26.33767963,24.85355908,23.00803495
Togo,TGO,Gross savings (% of GDP),NY.GNS.ICTR.ZS,20.95188339,14.00437647,10.20541126,2.762259788,14.25111016,16.74161705,11.89959434,5.157527182,6.994837781,5.28362145,13.55246308,11.99559176,16.17196274,17.56222995,17.39817991,12.62986601,11.93881934,11.04583298,12.92608972,15.89738817,15.75752729,17.91417282,15.71916063,16.43075115,17.89100038,21.19627143,22.27772868,21.41208721,21.66948395,,15.75752729
Thailand,THA,Gross savings (% of GDP),NY.GNS.ICTR.ZS,33.03020591,34.59667397,33.68704552,35.94037831,35.80270857,35.80281198,34.60352046,32.25459716,31.74374462,30.45523789,30.78209369,28.22550958,28.10389079,27.97383939,27.89948365,28.24095077,30.44514926,32.24983526,30.66205566,29.27406218,29.6275904,31.43395978,28.9313122,27.22076986,27.48509057,28.04184202,30.08550208,31.94573369,31.69123688,31.48617957,29.6275904
Tajikistan,TJK,Gross savings (% of GDP),NY.GNS.ICTR.ZS,,,,,,,,,,,,,18.38345323,17.64838286,12.57875043,22.70478738,37.05352992,16.93023079,22.748583,13.99585595,11.77614657,15.15029162,11.48701192,11.84948265,16.21530446,14.84217553,20.19392307,24.89839116,,,11.77614657
Latin America & the Caribbean (IDA & IBRD countries),TLA,Gross savings (% of GDP),NY.GNS.ICTR.ZS,19.48521543,18.42436827,18.16878082,18.94521779,19.24874796,17.88798516,17.68096157,17.60246096,16.77567475,16.20447451,17.82112622,16.93196716,18.33431089,18.68209003,20.27888196,20.34817735,22.06973846,22.26402158,21.89760335,19.21499233,20.61741007,20.93575875,19.80474411,18.6171349,17.34579218,17.23580215,16.93683286,16.98692146,16.63849029,16.59534658,20.61741007
Timor-Leste,TLS,Gross savings (% of GDP),NY.GNS.ICTR.ZS,,,,,,,,,,,,,,,,,159.2272401,223.9539135,372.9881274,218.7759609,257.4287558,329.0622719,257.9240137,183.7000313,105.9405654,68.41749364,21.00048431,20.46521055,14.18887798,28.59293434,257.4287558
Tonga,TON,Gross savings (% of GDP),NY.GNS.ICTR.ZS,26.23902954,9.127236038,20.65833162,20.79471826,13.64952675,,,,,,,19.29440265,19.29959012,15.24963312,16.9479215,12.58326355,15.33898186,11.09538934,8.545802836,7.917409639,11.2976856,14.2745067,16.20829561,,,,,,,,11.2976856
South Asia (IDA & IBRD),TSA,Gross savings (% of GDP),NY.GNS.ICTR.ZS,21.00038692,21.74196848,22.96781345,23.10702367,24.94726142,25.52508236,25.52189287,26.05338837,24.94332136,24.74782232,25.41108794,25.70453279,27.42833518,29.33668282,31.83972452,32.59837131,34.14680579,34.67437076,33.59968609,33.5676607,34.31493559,33.24244866,33.54191009,32.71143912,31.98418839,31.1148594,29.62683093,29.94584872,29.44408944,27.96938843,34.31493559
Sub-Saharan Africa (IDA & IBRD countries),TSS,Gross savings (% of GDP),NY.GNS.ICTR.ZS,26.39599546,25.53230973,23.33812196,23.52255764,22.94749406,22.57408846,21.17017677,21.94021335,20.18421815,23.37030862,27.01931985,20.34851452,21.1587947,20.81086728,22.30828493,23.06603396,26.81800649,21.55286217,22.73171569,19.52694923,21.91419725,21.70108787,22.57922917,19.64735872,20.90681758,18.70118364,18.21798685,19.28544428,19.80446383,18.94409136,21.91419725
Trinidad and Tobago,TTO,Gross savings (% of GDP),NY.GNS.ICTR.ZS,,,,,,,,,,,,,,,,,,,,,,,,,,,,,,,
Tunisia,TUN,Gross savings (% of GDP),NY.GNS.ICTR.ZS,23.43426229,22.23498288,21.86138597,19.5899507,21.1324072,20.33311029,22.60424327,21.63364369,21.81403367,22.66395788,22.14571167,22.16996789,20.38504632,20.35843071,21.18574275,20.28625125,21.16488358,20.67575026,20.94912391,21.04352078,20.5409606,15.48402543,15.99551942,14.09051911,13.4779002,10.47082984,8.838213034,8.401580224,8.058060288,8.551045436,20.5409606
Turkey,TUR,Gross savings (% of GDP),NY.GNS.ICTR.ZS,21.69096243,18.57506123,18.36545427,18.51829015,18.18988747,19.60527674,21.80046897,20.49299152,25.73096977,21.82007878,21.40391134,21.52009052,22.45260001,20.65371287,22.30673462,23.6403606,24.62676227,23.91225649,24.62037462,21.94970188,21.79764073,23.02727069,23.38042663,23.91152801,24.90026887,25.21372417,25.00191717,26.03975171,27.72260599,26.04433567,21.79764073
Tuvalu,TUV,Gross savings (% of GDP),NY.GNS.ICTR.ZS,,,,,,,,,,,,,,,,,,,,,,,,,,,,,,,
Tanzania,TZA,Gross savings (% of GDP),NY.GNS.ICTR.ZS,8.251158904,5.171566166,6.930824639,5.030525602,3.415280632,9.66984953,10.98166586,11.00368273,18.7133339,15.34654785,17.04312114,17.0658376,20.5483303,22.4926753,25.11929707,25.16795695,27.41915215,26.34754856,29.25151358,29.25225259,25.07110552,22.57825528,25.81937055,27.01681244,27.7409785,25.32275031,27.99112177,30.53584045,,,25.07110552
Uganda,UGA,Gross savings (% of GDP),NY.GNS.ICTR.ZS,4.541072661,7.386205539,13.08616063,16.01167211,18.86420225,15.03350162,21.83430167,24.22972248,18.86135693,17.58231382,14.35649304,14.56366734,16.61583268,17.80397418,20.94556217,20.84393138,17.52091331,16.80489485,22.37613219,17.77588495,18.77192264,16.6594096,18.62214947,22.5679055,25.24833501,16.65075062,23.86772819,23.59625868,21.34947048,22.23160009,18.77192264
Ukraine,UKR,Gross savings (% of GDP),NY.GNS.ICTR.ZS,,,,,32.27029909,23.40627933,19.97888794,18.78780028,18.33064705,22.45269377,24.44676779,26.83135432,28.94179281,29.07224877,33.02691385,26.87194338,24.5360839,25.78222761,22.14033892,16.95425269,17.5503231,15.77387784,13.07025456,8.770158572,9.898131223,17.69200057,20.27708304,17.78582831,15.21395503,12.05956676,17.5503231
Upper middle income,UMC,Gross savings (% of GDP),NY.GNS.ICTR.ZS,28.08639978,28.50317093,29.41626685,30.78492349,30.71822148,29.12310443,28.80164525,28.50754116,27.26585928,26.79857769,28.44625915,28.07308397,28.70129951,30.14106805,32.24162845,32.84194837,34.60703099,35.33475231,36.06213848,33.04629457,34.69152913,34.44829014,33.44101843,32.06883559,31.82334224,31.30306719,30.56102664,31.09151818,31.31474779,30.97139662,34.69152913
Uruguay,URY,Gross savings (% of GDP),NY.GNS.ICTR.ZS,14.08779749,15.96706672,14.6327883,13.94383484,13.65731374,14.1230045,14.0689291,13.56433096,13.94293992,12.00288516,10.96974662,11.44395291,15.38457934,14.92567809,16.72337974,17.5785465,16.49908537,16.87082585,15.90854664,17.58580321,17.01240936,17.40557213,12.71978481,14.43460576,13.20241369,15.18763947,14.76659746,12.62941633,11.99198034,12.98625123,17.01240936
United States,USA,Gross savings (% of GDP),NY.GNS.ICTR.ZS,18.75604547,18.81001518,17.68152195,17.04342268,17.85203059,18.74779787,19.6380793,20.83214638,21.37768691,20.94991537,20.84260628,19.69160054,18.41233396,17.49721006,17.82425313,18.27926489,19.32875214,17.63133076,15.35858048,14.01764405,15.55438766,16.57467947,18.87832693,19.3098905,20.45590526,20.2896953,18.7210173,18.6376509,18.61911201,18.71229697,15.55438766
Uzbekistan,UZB,Gross savings (% of GDP),NY.GNS.ICTR.ZS,,,,,,,,,,,,,,,,,,,,,,,,,33.78895709,29.04866349,27.29067884,36.28397525,41.33311537,40.10855852,
"Venezuela, RB",VEN,Gross savings (% of GDP),NY.GNS.ICTR.ZS,29.55053634,24.46700765,20.2037162,17.69143676,21.85046475,23.51010538,31.6972318,31.96256476,25.9489352,28.70623629,34.46699076,29.08217221,30.32164073,29.75493764,35.66095746,40.63935011,40.70429809,37.13654278,36.56020403,22.41370968,31.43295512,30.54288285,25.62897701,19.02767037,8.939355092,,,,,,31.43295512
Vietnam,VNM,Gross savings (% of GDP),NY.GNS.ICTR.ZS,,,,,,,20.49144841,21.56433685,23.76915305,27.35169882,39.16363764,39.27538348,40.76883156,39.49412503,42.26330063,33.07503366,33.33076338,31.84021689,27.90047256,19.16954641,30.43518057,29.83953188,30.83249146,29.63653299,28.33886856,24.45292628,24.65320465,22.18582992,23.36735943,23.10211841,30.43518057
Vanuatu,VUT,Gross savings (% of GDP),NY.GNS.ICTR.ZS,26.8030624,21.29355933,15.07243792,15.79810081,14.27465572,13.83134903,5.623678004,15.40139861,0.296662959,0.309581925,6.088194696,8.256231035,12.43318913,12.61963748,15.96200264,18.06007772,24.07206488,23.88388485,34.02601798,25.81565855,20.6546304,21.14862034,18.6670109,25.18467554,31.76812053,,,,,,20.6546304
World,WLD,Gross savings (% of GDP),NY.GNS.ICTR.ZS,23.15755033,22.15504225,22.37265683,22.50779194,23.29090978,23.42497204,24.28805245,24.7562894,24.55686503,24.24897228,24.94096169,24.16747277,23.82365351,24.0347949,25.12196101,25.60974279,26.66947905,26.51736952,25.57730274,23.24865933,24.53856693,24.95555525,25.09308957,24.80705811,25.16980622,25.03446502,24.45272903,24.92285222,25.01062194,24.58665252,24.53856693
Kosovo,XKX,Gross savings (% of GDP),NY.GNS.ICTR.ZS,,,,,,,,,,,,,,,19.72990358,18.57300355,21.30151611,20.50014937,17.31394292,22.25049831,21.24602523,21.14460536,23.17627612,24.23580875,18.85249956,19.00268281,19.23569261,22.69441728,20.71587391,24.3501946,21.24602523
South Africa,ZAF,Gross savings (% of GDP),NY.GNS.ICTR.ZS,16.12102342,16.47873655,15.95482963,16.40730593,15.81002105,16.89836404,15.67446928,14.79433402,14.6869567,14.98857789,15.49620009,14.89510428,17.51865217,17.19040152,16.35242903,15.68128815,17.23362684,16.65496559,17.39531644,17.48092258,18.01244206,17.54001768,15.10444771,15.36216988,15.66154498,16.47610861,16.53052474,16.14476428,14.88226056,14.94697557,18.01244206
Zambia,ZMB,Gross savings (% of GDP),NY.GNS.ICTR.ZS,,,,,,,,,,,,,,,,,,,,,31.43342756,30.67026154,35.47462341,32.94995159,32.3026233,33.70061043,30.44033158,36.25275676,41.82481937,39.73143333,31.43342756
Zimbabwe,ZWE,Gross savings (% of GDP),NY.GNS.ICTR.ZS,15.62696872,13.46896643,11.01111891,20.4048859,18.08787522,,,,,,,,,,,,,,,-9.89858657,-4.490153096,-2.46715767,-14.0589714,-4.940879119,-3.032173738,-8.203919933,-1.218866106,-2.207625457,,,-4.490153096
